Signature;Ensembl_ID;Gene_name;Combined_effect_size;FDR;Gene_Biotype
ProstaTrend-ffpe;ENSG00000187741;FANCA;1;0,00004;protein_coding
ProstaTrend-ffpe;ENSG00000184445;KNTC1;1;0,00004;protein_coding
ProstaTrend-ffpe;ENSG00000142731;PLK4;1,1;0,00004;protein_coding
ProstaTrend-ffpe;ENSG00000101057;MYBL2;1,1;0,00004;protein_coding
ProstaTrend-ffpe;ENSG00000080839;RBL1;1;0,00005;protein_coding
ProstaTrend-ffpe;ENSG00000140534;TICRR;0,83;0,00026;protein_coding
ProstaTrend-ffpe;ENSG00000129810;SGO1;0,81;0,00037;protein_coding
ProstaTrend-ffpe;ENSG00000109674;NEIL3;0,94;0,00037;protein_coding
ProstaTrend-ffpe;ENSG00000136295;TTYH3;0,77;0,00039;protein_coding
ProstaTrend-ffpe;ENSG00000172818;OVOL1;0,78;0,00041;protein_coding
ProstaTrend-ffpe;ENSG00000137807;KIF23;0,97;0,00043;protein_coding
ProstaTrend-ffpe;ENSG00000102384;CENPI;0,77;0,00061;protein_coding
ProstaTrend-ffpe;ENSG00000168539;CHRM1;-0,97;0,001;protein_coding
ProstaTrend-ffpe;ENSG00000111331;OAS3;0,54;0,0011;protein_coding
ProstaTrend-ffpe;ENSG00000066279;ASPM;0,73;0,0012;protein_coding
ProstaTrend-ffpe;ENSG00000163932;PRKCD;0,77;0,0013;protein_coding
ProstaTrend-ffpe;ENSG00000275221;HIST1H2AK;0,72;0,0013;protein_coding
ProstaTrend-ffpe;ENSG00000119969;HELLS;0,82;0,0015;protein_coding
ProstaTrend-ffpe;ENSG00000118193;KIF14;0,81;0,0015;protein_coding
ProstaTrend-ffpe;ENSG00000149636;DSN1;0,70;0,0015;protein_coding
ProstaTrend-ffpe;ENSG00000093009;CDC45;0,82;0,0016;protein_coding
ProstaTrend-ffpe;ENSG00000115884;SDC1;0,73;0,0016;protein_coding
ProstaTrend-ffpe;ENSG00000273321;AC023983.2;0,56;0,0016;lncRNA
ProstaTrend-ffpe;ENSG00000101412;E2F1;0,76;0,002;protein_coding
ProstaTrend-ffpe;ENSG00000111206;FOXM1;0,83;0,0022;protein_coding
ProstaTrend-ffpe;ENSG00000164828;SUN1;0,87;0,0022;protein_coding
ProstaTrend-ffpe;ENSG00000075218;GTSE1;0,75;0,0023;protein_coding
ProstaTrend-ffpe;ENSG00000114805;PLCH1;0,93;0,0026;protein_coding
ProstaTrend-ffpe;ENSG00000196208;GREB1;-0,88;0,0027;protein_coding
ProstaTrend-ffpe;ENSG00000165304;MELK;0,65;0,0028;protein_coding
ProstaTrend-ffpe;ENSG00000159259;CHAF1B;0,77;0,0028;protein_coding
ProstaTrend-ffpe;ENSG00000197635;DPP4;-0,79;0,0028;protein_coding
ProstaTrend-ffpe;ENSG00000166508;MCM7;0,57;0,0031;protein_coding
ProstaTrend-ffpe;ENSG00000178814;OPLAH;0,63;0,0032;protein_coding
ProstaTrend-ffpe;ENSG00000047936;ROS1;0,71;0,0032;protein_coding
ProstaTrend-ffpe;ENSG00000148541;FAM13C;-0,81;0,0033;protein_coding
ProstaTrend-ffpe;ENSG00000088325;TPX2;0,72;0,0034;protein_coding
ProstaTrend-ffpe;ENSG00000085999;RAD54L;0,79;0,0041;protein_coding
ProstaTrend-ffpe;ENSG00000014257;ACPP;-0,89;0,0041;protein_coding
ProstaTrend-ffpe;ENSG00000140525;FANCI;0,74;0,0043;protein_coding
ProstaTrend-ffpe;ENSG00000163507;KIAA1524;0,71;0,0044;protein_coding
ProstaTrend-ffpe;ENSG00000101146;RAE1;0,70;0,0045;protein_coding
ProstaTrend-ffpe;ENSG00000163689;C3orf67;0,73;0,0045;protein_coding
ProstaTrend-ffpe;ENSG00000106346;USP42;0,73;0,0046;protein_coding
ProstaTrend-ffpe;ENSG00000109265;KIAA1211;0,72;0,0047;protein_coding
ProstaTrend-ffpe;ENSG00000135114;OASL;0,39;0,0049;protein_coding
ProstaTrend-ffpe;ENSG00000072694;FCGR2B;0,67;0,0052;protein_coding
ProstaTrend-ffpe;ENSG00000087116;ADAMTS2;0,84;0,0053;protein_coding
ProstaTrend-ffpe;ENSG00000142945;KIF2C;0,70;0,0054;protein_coding
ProstaTrend-ffpe;ENSG00000143569;UBAP2L;0,70;0,0059;protein_coding
ProstaTrend-ffpe;ENSG00000114650;SCAP;0,55;0,0059;protein_coding
ProstaTrend-ffpe;ENSG00000007968;E2F2;0,68;0,0059;protein_coding
ProstaTrend-ffpe;ENSG00000133863;TEX15;0,73;0,0062;protein_coding
ProstaTrend-ffpe;ENSG00000162909;CAPN2;0,73;0,0062;protein_coding
ProstaTrend-ffpe;ENSG00000177602;HASPIN;0,69;0,0063;protein_coding
ProstaTrend-ffpe;ENSG00000228801;AC064807.1;0,58;0,0067;lncRNA
ProstaTrend-ffpe;ENSG00000188322;SBK1;0,65;0,0068;protein_coding
ProstaTrend-ffpe;ENSG00000180900;SCRIB;0,80;0,0068;protein_coding
ProstaTrend-ffpe;ENSG00000254726;MEX3A;0,71;0,0069;protein_coding
ProstaTrend-ffpe;ENSG00000137812;KNL1;0,68;0,007;protein_coding
ProstaTrend-ffpe;ENSG00000244682;FCGR2C;0,65;0,007;polymorphic_pseudogene
ProstaTrend-ffpe;ENSG00000124151;NCOA3;0,80;0,0073;protein_coding
ProstaTrend-ffpe;ENSG00000141756;FKBP10;0,55;0,0075;protein_coding
ProstaTrend-ffpe;ENSG00000183856;IQGAP3;0,75;0,0077;protein_coding
ProstaTrend-ffpe;ENSG00000262772;LINC01977;0,48;0,0081;lncRNA
ProstaTrend-ffpe;ENSG00000131381;RBSN;0,76;0,0081;protein_coding
ProstaTrend-ffpe;ENSG00000182872;RBM10;0,74;0,0082;protein_coding
ProstaTrend-ffpe;ENSG00000133884;DPF2;0,81;0,0083;protein_coding
ProstaTrend-ffpe;ENSG00000160207;HSF2BP;0,56;0,0084;protein_coding
ProstaTrend-ffpe;ENSG00000167491;GATAD2A;0,64;0,0085;protein_coding
ProstaTrend-ffpe;ENSG00000164684;ZNF704;0,68;0,0093;protein_coding
ProstaTrend-ffpe;ENSG00000006118;TMEM132A;0,74;0,0094;protein_coding
ProstaTrend-ffpe;ENSG00000182551;ADI1;-0,76;0,01;protein_coding
ProstaTrend-ffpe;ENSG00000197093;GAL3ST4;0,64;0,011;protein_coding
ProstaTrend-ffpe;ENSG00000168496;FEN1;0,72;0,011;protein_coding
ProstaTrend-ffpe;ENSG00000132680;KIAA0907;0,68;0,011;protein_coding
ProstaTrend-ffpe;ENSG00000149782;PLCB3;0,73;0,011;protein_coding
ProstaTrend-ffpe;ENSG00000134321;RSAD2;0,38;0,012;protein_coding
ProstaTrend-ffpe;ENSG00000117724;CENPF;0,64;0,012;protein_coding
ProstaTrend-ffpe;ENSG00000113448;PDE4D;-0,74;0,012;protein_coding
ProstaTrend-ffpe;ENSG00000146039;SLC17A4;0,57;0,012;protein_coding
ProstaTrend-ffpe;ENSG00000184661;CDCA2;0,55;0,012;protein_coding
ProstaTrend-ffpe;ENSG00000225937;PCA3;-0,71;0,012;lncRNA
ProstaTrend-ffpe;ENSG00000120903;CHRNA2;-0,71;0,012;protein_coding
ProstaTrend-ffpe;ENSG00000117399;CDC20;0,70;0,012;protein_coding
ProstaTrend-ffpe;ENSG00000248367;AC008610.1;0,50;0,012;lncRNA
ProstaTrend-ffpe;ENSG00000142149;HUNK;0,61;0,012;protein_coding
ProstaTrend-ffpe;ENSG00000138180;CEP55;0,59;0,013;protein_coding
ProstaTrend-ffpe;ENSG00000230918;AC008063.1;-0,74;0,013;lncRNA
ProstaTrend-ffpe;ENSG00000197136;PCNX3;0,69;0,013;protein_coding
ProstaTrend-ffpe;ENSG00000106462;EZH2;0,58;0,013;protein_coding
ProstaTrend-ffpe;ENSG00000172167;MTBP;0,58;0,013;protein_coding
ProstaTrend-ffpe;ENSG00000240216;CPHL1P;0,47;0,014;transcribed_unitary_pseudogene
ProstaTrend-ffpe;ENSG00000127947;PTPN12;0,53;0,014;protein_coding
ProstaTrend-ffpe;ENSG00000161888;SPC24;0,62;0,014;protein_coding
ProstaTrend-ffpe;ENSG00000148773;MKI67;0,74;0,014;protein_coding
ProstaTrend-ffpe;ENSG00000183763;TRAIP;0,71;0,014;protein_coding
ProstaTrend-ffpe;ENSG00000104147;OIP5;0,57;0,014;protein_coding
ProstaTrend-ffpe;ENSG00000102225;CDK16;0,66;0,015;protein_coding
ProstaTrend-ffpe;ENSG00000068654;POLR1A;0,66;0,015;protein_coding
ProstaTrend-ffpe;ENSG00000119185;ITGB1BP1;0,70;0,016;protein_coding
ProstaTrend-ffpe;ENSG00000137809;ITGA11;0,63;0,016;protein_coding
ProstaTrend-ffpe;ENSG00000148219;ASTN2;-0,67;0,016;protein_coding
ProstaTrend-ffpe;ENSG00000116213;WRAP73;0,54;0,016;protein_coding
ProstaTrend-ffpe;ENSG00000141696;P3H4;0,52;0,016;protein_coding
ProstaTrend-ffpe;ENSG00000164983;TMEM65;0,62;0,016;protein_coding
ProstaTrend-ffpe;ENSG00000143476;DTL;0,62;0,017;protein_coding
ProstaTrend-ffpe;ENSG00000166016;ABTB2;0,58;0,017;protein_coding
ProstaTrend-ffpe;ENSG00000175287;PHYHD1;-0,92;0,017;protein_coding
ProstaTrend-ffpe;ENSG00000227718;AC016730.1;-0,87;0,019;lncRNA
ProstaTrend-ffpe;ENSG00000068489;PRR11;0,71;0,019;protein_coding
ProstaTrend-ffpe;ENSG00000113594;LIFR;-0,67;0,019;protein_coding
ProstaTrend-ffpe;ENSG00000120915;EPHX2;-0,65;0,02;protein_coding
ProstaTrend-ffpe;ENSG00000163930;BAP1;0,65;0,02;protein_coding
ProstaTrend-ffpe;ENSG00000154920;EME1;0,65;0,02;protein_coding
ProstaTrend-ffpe;ENSG00000130675;MNX1;0,50;0,02;protein_coding
ProstaTrend-ffpe;ENSG00000184060;ADAP2;0,55;0,021;protein_coding
ProstaTrend-ffpe;ENSG00000157456;CCNB2;0,61;0,021;protein_coding
ProstaTrend-ffpe;ENSG00000196584;XRCC2;0,62;0,021;protein_coding
ProstaTrend-ffpe;ENSG00000008256;CYTH3;0,53;0,022;protein_coding
ProstaTrend-ffpe;ENSG00000128918;ALDH1A2;-0,68;0,022;protein_coding
ProstaTrend-ffpe;ENSG00000277893;SRD5A2;-0,63;0,023;protein_coding
ProstaTrend-ffpe;ENSG00000138778;CENPE;0,62;0,023;protein_coding
ProstaTrend-ffpe;ENSG00000229056;AC020571.1;-0,67;0,023;lncRNA
ProstaTrend-ffpe;ENSG00000049540;ELN;0,59;0,023;protein_coding
ProstaTrend-ffpe;ENSG00000165891;E2F7;0,64;0,023;protein_coding
ProstaTrend-ffpe;ENSG00000165490;DDIAS;0,63;0,024;protein_coding
ProstaTrend-ffpe;ENSG00000111445;RFC5;0,63;0,024;protein_coding
ProstaTrend-ffpe;ENSG00000197226;TBC1D9B;0,61;0,025;protein_coding
ProstaTrend-ffpe;ENSG00000185267;CDNF;-0,66;0,025;protein_coding
ProstaTrend-ffpe;ENSG00000106785;TRIM14;0,52;0,025;protein_coding
ProstaTrend-ffpe;ENSG00000175198;PCCA;-0,58;0,026;protein_coding
ProstaTrend-ffpe;ENSG00000164402;SEPT8;0,56;0,026;protein_coding
ProstaTrend-ffpe;ENSG00000166960;CCDC178;-0,65;0,026;protein_coding
ProstaTrend-ffpe;ENSG00000146670;CDCA5;0,62;0,026;protein_coding
ProstaTrend-ffpe;ENSG00000185480;PARPBP;0,60;0,026;protein_coding
ProstaTrend-ffpe;ENSG00000173039;RELA;0,64;0,026;protein_coding
ProstaTrend-ffpe;ENSG00000183337;BCOR;0,61;0,026;protein_coding
ProstaTrend-ffpe;ENSG00000229370;AC073062.1;-0,77;0,027;lncRNA
ProstaTrend-ffpe;ENSG00000122557;HERPUD2;0,59;0,027;protein_coding
ProstaTrend-ffpe;ENSG00000163808;KIF15;0,47;0,027;protein_coding
ProstaTrend-ffpe;ENSG00000197472;ZNF695;0,58;0,028;protein_coding
ProstaTrend-ffpe;ENSG00000129173;E2F8;0,57;0,028;protein_coding
ProstaTrend-ffpe;ENSG00000225697;SLC26A6;0,59;0,029;protein_coding
ProstaTrend-ffpe;ENSG00000105993;DNAJB6;0,53;0,029;protein_coding
ProstaTrend-ffpe;ENSG00000117114;ADGRL2;-0,74;0,029;protein_coding
ProstaTrend-ffpe;ENSG00000182325;FBXL6;0,61;0,029;protein_coding
ProstaTrend-ffpe;ENSG00000092853;CLSPN;0,59;0,03;protein_coding
ProstaTrend-ffpe;ENSG00000223685;LINC00571;-0,64;0,031;lncRNA
ProstaTrend-ffpe;ENSG00000261150;EPPK1;0,55;0,032;protein_coding
ProstaTrend-ffpe;ENSG00000176890;TYMS;0,54;0,032;protein_coding
ProstaTrend-ffpe;ENSG00000205358;MT1H;-0,80;0,033;protein_coding
ProstaTrend-ffpe;ENSG00000121067;SPOP;-0,59;0,033;protein_coding
ProstaTrend-ffpe;ENSG00000155506;LARP1;0,67;0,033;protein_coding
ProstaTrend-ffpe;ENSG00000167513;CDT1;0,60;0,033;protein_coding
ProstaTrend-ffpe;ENSG00000162576;MXRA8;0,55;0,033;protein_coding
ProstaTrend-ffpe;ENSG00000156970;BUB1B;0,39;0,033;protein_coding
ProstaTrend-ffpe;ENSG00000113739;STC2;0,47;0,034;protein_coding
ProstaTrend-ffpe;ENSG00000171812;COL8A2;0,53;0,034;protein_coding
ProstaTrend-ffpe;ENSG00000127946;HIP1;0,59;0,034;protein_coding
ProstaTrend-ffpe;ENSG00000272634;AC103710.2;-0,69;0,034;transcribed_unprocessed_pseudogene
ProstaTrend-ffpe;ENSG00000145536;ADAMTS16;0,54;0,034;protein_coding
ProstaTrend-ffpe;ENSG00000051341;POLQ;0,44;0,035;protein_coding
ProstaTrend-ffpe;ENSG00000152931;PART1;-0,71;0,035;lncRNA
ProstaTrend-ffpe;ENSG00000198169;ZNF251;0,48;0,036;protein_coding
ProstaTrend-ffpe;ENSG00000112290;WASF1;0,62;0,036;protein_coding
ProstaTrend-ffpe;ENSG00000106617;PRKAG2;0,42;0,036;protein_coding
ProstaTrend-ffpe;ENSG00000236753;MKLN1-AS;-0,68;0,036;lncRNA
ProstaTrend-ffpe;ENSG00000179097;HTR1F;0,35;0,036;protein_coding
ProstaTrend-ffpe;ENSG00000102738;MRPS31;-0,55;0,037;protein_coding
ProstaTrend-ffpe;ENSG00000075702;WDR62;0,61;0,037;protein_coding
ProstaTrend-ffpe;ENSG00000049759;NEDD4L;-0,57;0,037;protein_coding
ProstaTrend-ffpe;ENSG00000167749;KLK4;-0,59;0,037;protein_coding
ProstaTrend-ffpe;ENSG00000196236;XPNPEP3;0,56;0,037;protein_coding
ProstaTrend-ffpe;ENSG00000161013;MGAT4B;0,66;0,038;protein_coding
ProstaTrend-ffpe;ENSG00000108821;COL1A1;0,56;0,038;protein_coding
ProstaTrend-ffpe;ENSG00000249307;LINC01088;-0,92;0,038;lncRNA
ProstaTrend-ffpe;ENSG00000186638;KIF24;0,56;0,039;protein_coding
ProstaTrend-ffpe;ENSG00000180182;MED14;0,52;0,039;protein_coding
ProstaTrend-ffpe;ENSG00000148300;REXO4;0,49;0,04;protein_coding
ProstaTrend-ffpe;ENSG00000198276;UCKL1;0,50;0,042;protein_coding
ProstaTrend-ffpe;ENSG00000168907;PLA2G4F;-0,60;0,042;protein_coding
ProstaTrend-ffpe;ENSG00000118507;AKAP7;-0,68;0,042;protein_coding
ProstaTrend-ffpe;ENSG00000123485;HJURP;0,52;0,042;protein_coding
ProstaTrend-ffpe;ENSG00000008086;CDKL5;-0,55;0,042;protein_coding
ProstaTrend-ffpe;ENSG00000144218;AFF3;-0,73;0,043;protein_coding
ProstaTrend-ffpe;ENSG00000148346;LCN2;-0,54;0,043;protein_coding
ProstaTrend-ffpe;ENSG00000232855;AF165147.1;-0,67;0,044;lncRNA
ProstaTrend-ffpe;ENSG00000167346;MMP26;-0,61;0,045;protein_coding
ProstaTrend-ffpe;ENSG00000247095;MIR210HG;0,50;0,045;lncRNA
ProstaTrend-ffpe;ENSG00000179241;LDLRAD3;-0,56;0,045;protein_coding
ProstaTrend-ffpe;XLOC_222230;;0,45;0,046;
ProstaTrend-ffpe;ENSG00000018625;ATP1A2;-0,57;0,046;protein_coding
ProstaTrend-ffpe;ENSG00000151136;BTBD11;-0,58;0,046;protein_coding
ProstaTrend-ffpe;ENSG00000267838;AC245884.8;0,54;0,047;lncRNA
ProstaTrend-ffpe;ENSG00000178184;PARD6G;-0,46;0,048;protein_coding
ProstaTrend-ffpe;ENSG00000257167;TMPO-AS1;0,51;0,048;lncRNA
ProstaTrend-ffpe;ENSG00000233912;AC026202.2;-0,45;0,048;lncRNA
ProstaTrend-ffpe;ENSG00000105552;BCAT2;-0,55;0,048;protein_coding
ProstaTrend-ffpe;ENSG00000064309;CDON;0,44;0,048;protein_coding
ProstaTrend-ffpe;ENSG00000139354;GAS2L3;0,60;0,049;protein_coding
ProstaTrend-ffpe;ENSG00000187626;ZKSCAN4;0,58;0,049;protein_coding
ProstaTrend-ffpe;ENSG00000182798;MAGEB17;0,50;0,049;protein_coding
ProstaTrend-ffpe;ENSG00000263155;MYZAP;-0,63;0,049;protein_coding
ProstaTrend;ENSG00000168476;REEP4;0,98;0,00004;protein_coding
ProstaTrend;ENSG00000106290;TAF6;0,93;0,00004;protein_coding
ProstaTrend;ENSG00000185507;IRF7;0,84;0,000077;protein_coding
ProstaTrend;ENSG00000249471;ZNF324B;0,85;0,0001;protein_coding
ProstaTrend;ENSG00000169221;TBC1D10B;1;0,0001;protein_coding
ProstaTrend;ENSG00000226419;SLC16A1-AS1;0,89;0,00011;lncRNA
ProstaTrend;ENSG00000172780;RAB43;0,92;0,00014;protein_coding
ProstaTrend;ENSG00000117472;TSPAN1;-0,90;0,00016;protein_coding
ProstaTrend;ENSG00000137648;TMPRSS4;0,67;0,00017;protein_coding
ProstaTrend;ENSG00000175643;RMI2;0,92;0,00018;protein_coding
ProstaTrend;ENSG00000167767;KRT80;0,67;0,00018;protein_coding
ProstaTrend;ENSG00000173137;ADCK5;0,81;0,00019;protein_coding
ProstaTrend;ENSG00000274641;HIST1H2BO;0,84;0,00021;protein_coding
ProstaTrend;ENSG00000099953;MMP11;0,80;0,00022;protein_coding
ProstaTrend;ENSG00000157778;PSMG3;0,88;0,00022;protein_coding
ProstaTrend;ENSG00000072864;NDE1;0,71;0,00024;protein_coding
ProstaTrend;ENSG00000168298;HIST1H1E;1;0,00025;protein_coding
ProstaTrend;ENSG00000073111;MCM2;0,90;0,00027;protein_coding
ProstaTrend;ENSG00000112118;MCM3;0,90;0,00028;protein_coding
ProstaTrend;ENSG00000211673;IGLV3-1;0,61;0,00031;IG_V_gene
ProstaTrend;ENSG00000275713;HIST1H2BH;0,77;0,00034;protein_coding
ProstaTrend;ENSG00000064655;EYA2;0,84;0,00034;protein_coding
ProstaTrend;ENSG00000280734;LINC01232;0,79;0,0004;lncRNA
ProstaTrend;ENSG00000273703;HIST1H2BM;0,84;0,00042;protein_coding
ProstaTrend;ENSG00000105705;SUGP1;0,84;0,00043;protein_coding
ProstaTrend;ENSG00000175550;DRAP1;0,74;0,00044;protein_coding
ProstaTrend;ENSG00000013588;GPRC5A;0,70;0,00044;protein_coding
ProstaTrend;ENSG00000014138;POLA2;0,94;0,00046;protein_coding
ProstaTrend;ENSG00000167977;KCTD5;0,82;0,00046;protein_coding
ProstaTrend;ENSG00000186340;THBS2;0,91;0,00046;protein_coding
ProstaTrend;ENSG00000187990;HIST1H2BG;0,79;0,00049;
ProstaTrend;ENSG00000106012;IQCE;0,84;0,00049;protein_coding
ProstaTrend;ENSG00000197993;KEL;0,55;0,00051;protein_coding
ProstaTrend;ENSG00000120075;HOXB5;0,53;0,00052;protein_coding
ProstaTrend;ENSG00000260027;HOXB7;0,49;0,00052;protein_coding
ProstaTrend;ENSG00000124635;HIST1H2BJ;0,78;0,00053;protein_coding
ProstaTrend;ENSG00000161904;LEMD2;0,81;0,00056;protein_coding
ProstaTrend;ENSG00000108511;HOXB6;0,40;0,00059;protein_coding
ProstaTrend;ENSG00000144648;ACKR2;0,63;0,00061;protein_coding
ProstaTrend;ENSG00000198026;ZNF335;0,79;0,00063;protein_coding
ProstaTrend;ENSG00000167535;CACNB3;0,87;0,00063;protein_coding
ProstaTrend;XLOC_158557;;-0,86;0,00063;
ProstaTrend;ENSG00000185130;HIST1H2BL;0,79;0,00063;protein_coding
ProstaTrend;ENSG00000120875;DUSP4;0,56;0,00066;protein_coding
ProstaTrend;ENSG00000124201;ZNFX1;0,79;0,00076;protein_coding
ProstaTrend;ENSG00000184270;HIST2H2AB;0,95;0,00081;protein_coding
ProstaTrend;ENSG00000149923;PPP4C;0,93;0,00082;protein_coding
ProstaTrend;ENSG00000198554;WDHD1;0,78;0,00083;protein_coding
ProstaTrend;ENSG00000165949;IFI27;0,50;0,00084;protein_coding
ProstaTrend;ENSG00000162949;CAPN13;0,52;0,00088;protein_coding
ProstaTrend;ENSG00000275379;HIST1H3I;0,95;0,00092;protein_coding
ProstaTrend;ENSG00000196177;ACADSB;-1,1;0,00093;protein_coding
ProstaTrend;ENSG00000270550;IGHV3-30;0,59;0,00097;IG_V_gene
ProstaTrend;ENSG00000167670;CHAF1A;0,76;0,00098;protein_coding
ProstaTrend;ENSG00000144645;OSBPL10;0,86;0,00099;protein_coding
ProstaTrend;ENSG00000128563;PRKRIP1;0,84;0,001;protein_coding
ProstaTrend;ENSG00000182809;CRIP2;0,67;0,001;protein_coding
ProstaTrend;ENSG00000122966;CIT;0,84;0,0011;protein_coding
ProstaTrend;ENSG00000147883;CDKN2B;0,81;0,0011;protein_coding
ProstaTrend;ENSG00000196652;ZKSCAN5;0,44;0,0011;protein_coding
ProstaTrend;ENSG00000137200;CMTR1;0,76;0,0011;protein_coding
ProstaTrend;ENSG00000174371;EXO1;0,73;0,0013;protein_coding
ProstaTrend;ENSG00000276410;HIST1H2BB;0,68;0,0014;protein_coding
ProstaTrend;ENSG00000161533;ACOX1;-0,88;0,0014;protein_coding
ProstaTrend;ENSG00000166689;PLEKHA7;0,74;0,0014;protein_coding
ProstaTrend;ENSG00000172732;MUS81;0,68;0,0014;protein_coding
ProstaTrend;ENSG00000119242;CCDC92;0,89;0,0015;protein_coding
ProstaTrend;ENSG00000142515;KLK3;-0,73;0,0016;protein_coding
ProstaTrend;ENSG00000007541;PIGQ;0,72;0,0016;protein_coding
ProstaTrend;ENSG00000144560;VGLL4;0,91;0,0016;protein_coding
ProstaTrend;ENSG00000105717;PBX4;0,81;0,0017;protein_coding
ProstaTrend;ENSG00000163082;SGPP2;0,72;0,0017;protein_coding
ProstaTrend;ENSG00000274290;HIST1H2BE;0,93;0,0017;protein_coding
ProstaTrend;ENSG00000142330;CAPN10;0,87;0,0017;protein_coding
ProstaTrend;ENSG00000168026;TTC21A;0,83;0,0018;protein_coding
ProstaTrend;ENSG00000117115;PADI2;0,65;0,0018;protein_coding
ProstaTrend;ENSG00000271086;NAMA;0,47;0,0019;lncRNA
ProstaTrend;ENSG00000257923;CUX1;0,80;0,0019;protein_coding
ProstaTrend;ENSG00000246790;AP000977.1;0,53;0,0019;lncRNA
ProstaTrend;ENSG00000105486;LIG1;0,84;0,002;protein_coding
ProstaTrend;ENSG00000172478;C2orf54;0,81;0,002;protein_coding
ProstaTrend;ENSG00000226696;LENG8-AS1;0,74;0,0021;lncRNA
ProstaTrend;ENSG00000234432;AC092171.3;0,74;0,0022;lncRNA
ProstaTrend;ENSG00000106268;NUDT1;0,74;0,0023;protein_coding
ProstaTrend;ENSG00000184357;HIST1H1B;0,93;0,0023;protein_coding
ProstaTrend;ENSG00000177409;SAMD9L;0,47;0,0023;protein_coding
ProstaTrend;ENSG00000233237;LINC00472;-0,86;0,0023;lncRNA
ProstaTrend;ENSG00000169891;REPS2;-0,81;0,0023;protein_coding
ProstaTrend;ENSG00000144481;TRPM8;-0,77;0,0024;protein_coding
ProstaTrend;ENSG00000112062;MAPK14;0,99;0,0024;protein_coding
ProstaTrend;ENSG00000013810;TACC3;0,77;0,0024;protein_coding
ProstaTrend;ENSG00000161800;RACGAP1;0,76;0,0024;protein_coding
ProstaTrend;ENSG00000103199;ZNF500;0,68;0,0025;protein_coding
ProstaTrend;ENSG00000218350;LYPLA1P3;-0,90;0,0026;processed_pseudogene
ProstaTrend;ENSG00000157259;GATAD1;0,58;0,0026;protein_coding
ProstaTrend;ENSG00000141985;SH3GL1;0,97;0,0026;protein_coding
ProstaTrend;ENSG00000124181;PLCG1;0,99;0,0027;protein_coding
ProstaTrend;ENSG00000167674;HDGFL2;1;0,0027;protein_coding
ProstaTrend;ENSG00000197846;HIST1H2BF;0,63;0,0027;
ProstaTrend;ENSG00000040933;INPP4A;0,85;0,0027;protein_coding
ProstaTrend;ENSG00000260063;AL512408.1;0,66;0,0027;lncRNA
ProstaTrend;ENSG00000104866;PPP1R37;0,78;0,0027;protein_coding
ProstaTrend;ENSG00000196787;HIST1H2AG;0,74;0,0027;protein_coding
ProstaTrend;ENSG00000205913;SRRM2-AS1;0,67;0,0028;lncRNA
ProstaTrend;ENSG00000105063;PPP6R1;0,76;0,0028;protein_coding
ProstaTrend;ENSG00000118900;UBN1;0,84;0,0028;protein_coding
ProstaTrend;ENSG00000188157;AGRN;0,78;0,0028;protein_coding
ProstaTrend;ENSG00000142552;RCN3;0,80;0,0028;protein_coding
ProstaTrend;ENSG00000140521;POLG;0,86;0,0028;protein_coding
ProstaTrend;ENSG00000143630;HCN3;0,70;0,0028;protein_coding
ProstaTrend;ENSG00000211658;IGLV3-27;0,56;0,0029;IG_V_gene
ProstaTrend;ENSG00000158715;SLC45A3;-0,75;0,0029;protein_coding
ProstaTrend;ENSG00000111424;VDR;0,56;0,003;protein_coding
ProstaTrend;ENSG00000247373;AC055713.1;0,52;0,003;lncRNA
ProstaTrend;ENSG00000073050;XRCC1;0,85;0,003;protein_coding
ProstaTrend;ENSG00000123983;ACSL3;-0,91;0,0031;protein_coding
ProstaTrend;ENSG00000211936;IGHV4-4;0,59;0,0032;
ProstaTrend;ENSG00000076003;MCM6;0,78;0,0033;protein_coding
ProstaTrend;ENSG00000178685;PARP10;0,77;0,0033;protein_coding
ProstaTrend;ENSG00000164181;ELOVL7;-1,1;0,0033;protein_coding
ProstaTrend;ENSG00000158062;UBXN11;0,81;0,0033;protein_coding
ProstaTrend;ENSG00000085276;MECOM;0,73;0,0033;protein_coding
ProstaTrend;ENSG00000184924;PTRHD1;-0,72;0,0033;protein_coding
ProstaTrend;ENSG00000178623;GPR35;0,73;0,0034;protein_coding
ProstaTrend;ENSG00000005075;POLR2J;0,72;0,0034;protein_coding
ProstaTrend;ENSG00000278828;HIST1H3H;0,68;0,0034;protein_coding
ProstaTrend;ENSG00000135540;NHSL1;0,64;0,0034;protein_coding
ProstaTrend;ENSG00000105298;CACTIN;0,76;0,0035;protein_coding
ProstaTrend;ENSG00000101945;SUV39H1;0,75;0,0035;protein_coding
ProstaTrend;ENSG00000167751;KLK2;-0,57;0,0035;protein_coding
ProstaTrend;ENSG00000169957;ZNF768;0,83;0,0035;protein_coding
ProstaTrend;ENSG00000010292;NCAPD2;0,90;0,0035;protein_coding
ProstaTrend;ENSG00000049192;ADAMTS6;1;0,0035;protein_coding
ProstaTrend;ENSG00000271447;MMP28;-0,82;0,0035;protein_coding
ProstaTrend;ENSG00000165475;CRYL1;-0,77;0,0036;protein_coding
ProstaTrend;ENSG00000185880;TRIM69;0,66;0,0036;protein_coding
ProstaTrend;ENSG00000135637;CCDC142;0,70;0,0036;protein_coding
ProstaTrend;ENSG00000076382;SPAG5;0,76;0,0036;protein_coding
ProstaTrend;ENSG00000117139;KDM5B;0,76;0,0037;protein_coding
ProstaTrend;ENSG00000132017;DCAF15;0,85;0,0037;protein_coding
ProstaTrend;ENSG00000235859;AC006978.1;0,68;0,0037;processed_pseudogene
ProstaTrend;ENSG00000130402;ACTN4;0,70;0,0037;protein_coding
ProstaTrend;ENSG00000166535;A2ML1;0,44;0,0038;protein_coding
ProstaTrend;ENSG00000101199;ARFGAP1;0,74;0,0038;protein_coding
ProstaTrend;ENSG00000183323;CCDC125;-0,60;0,0039;protein_coding
ProstaTrend;ENSG00000100297;MCM5;0,75;0,0039;protein_coding
ProstaTrend;ENSG00000114737;CISH;0,79;0,004;protein_coding
ProstaTrend;ENSG00000172731;LRRC20;0,70;0,004;protein_coding
ProstaTrend;ENSG00000276903;HIST1H2AL;0,71;0,004;protein_coding
ProstaTrend;ENSG00000101216;GMEB2;0,81;0,0041;protein_coding
ProstaTrend;ENSG00000277075;HIST1H2AE;0,68;0,0041;protein_coding
ProstaTrend;ENSG00000148331;ASB6;0,70;0,0042;protein_coding
ProstaTrend;ENSG00000184897;H1FX;0,85;0,0042;protein_coding
ProstaTrend;ENSG00000169738;DCXR;-0,89;0,0043;protein_coding
ProstaTrend;ENSG00000147536;GINS4;0,66;0,0043;protein_coding
ProstaTrend;ENSG00000106624;AEBP1;0,69;0,0044;protein_coding
ProstaTrend;ENSG00000257790;EIF4A1P4;-0,72;0,0044;processed_pseudogene
ProstaTrend;ENSG00000101160;CTSZ;0,73;0,0045;protein_coding
ProstaTrend;ENSG00000141526;SLC16A3;0,67;0,0046;protein_coding
ProstaTrend;ENSG00000174013;FBXO45;0,71;0,0046;protein_coding
ProstaTrend;ENSG00000139714;MORN3;0,49;0,0047;protein_coding
ProstaTrend;ENSG00000091527;CDV3;0,72;0,0047;protein_coding
ProstaTrend;ENSG00000173653;RCE1;0,77;0,0047;protein_coding
ProstaTrend;ENSG00000214244;SETP21;-0,87;0,0047;processed_pseudogene
ProstaTrend;ENSG00000102858;MGRN1;0,76;0,0048;protein_coding
ProstaTrend;ENSG00000268516;AC020915.4;0,70;0,0048;lncRNA
ProstaTrend;ENSG00000104435;STMN2;0,64;0,0048;protein_coding
ProstaTrend;ENSG00000087301;TXNDC16;-0,90;0,0048;protein_coding
ProstaTrend;ENSG00000112936;C7;-0,78;0,0049;protein_coding
ProstaTrend;ENSG00000196876;SCN8A;0,68;0,0049;protein_coding
ProstaTrend;ENSG00000130816;DNMT1;0,89;0,0049;protein_coding
ProstaTrend;ENSG00000145386;CCNA2;0,71;0,005;protein_coding
ProstaTrend;ENSG00000171451;DSEL;-0,81;0,005;protein_coding
ProstaTrend;ENSG00000254470;AP5B1;0,69;0,005;protein_coding
ProstaTrend;ENSG00000148481;MINDY3;-0,69;0,005;protein_coding
ProstaTrend;ENSG00000189139;FSCB;0,38;0,0051;protein_coding
ProstaTrend;ENSG00000146540;C7orf50;0,75;0,0051;protein_coding
ProstaTrend;ENSG00000006704;GTF2IRD1;0,73;0,0051;protein_coding
ProstaTrend;ENSG00000133619;KRBA1;0,86;0,0051;protein_coding
ProstaTrend;ENSG00000168675;LDLRAD4;0,75;0,0051;protein_coding
ProstaTrend;ENSG00000143614;GATAD2B;0,75;0,0051;protein_coding
ProstaTrend;ENSG00000076513;ANKRD13A;0,75;0,0051;protein_coding
ProstaTrend;ENSG00000170265;ZNF282;0,73;0,0052;protein_coding
ProstaTrend;ENSG00000126870;WDR60;0,74;0,0052;protein_coding
ProstaTrend;ENSG00000104341;LAPTM4B;0,85;0,0052;protein_coding
ProstaTrend;ENSG00000280424;BX537318.2;0,66;0,0053;TEC
ProstaTrend;ENSG00000164631;ZNF12;0,60;0,0053;protein_coding
ProstaTrend;ENSG00000048052;HDAC9;0,65;0,0053;protein_coding
ProstaTrend;ENSG00000238058;AL355574.1;0,55;0,0053;lncRNA
ProstaTrend;ENSG00000163156;SCNM1;0,65;0,0054;protein_coding
ProstaTrend;ENSG00000003400;CASP10;0,64;0,0054;protein_coding
ProstaTrend;ENSG00000180596;HIST1H2BC;0,64;0,0054;protein_coding
ProstaTrend;ENSG00000143153;ATP1B1;0,66;0,0054;protein_coding
ProstaTrend;ENSG00000239407;Z68871.1;0,46;0,0054;lncRNA
ProstaTrend;ENSG00000167332;OR51E2;-0,72;0,0055;protein_coding
ProstaTrend;ENSG00000085644;ZNF213;0,59;0,0055;protein_coding
ProstaTrend;ENSG00000260747;AC022968.1;-0,59;0,0056;processed_pseudogene
ProstaTrend;ENSG00000130309;COLGALT1;0,75;0,0056;protein_coding
ProstaTrend;ENSG00000226650;KIF4B;0,60;0,0056;protein_coding
ProstaTrend;ENSG00000162775;RBM15;0,82;0,0056;protein_coding
ProstaTrend;ENSG00000096063;SRPK1;0,76;0,0057;protein_coding
ProstaTrend;ENSG00000180667;YOD1;0,72;0,0057;protein_coding
ProstaTrend;ENSG00000276368;HIST1H2AJ;0,61;0,0058;protein_coding
ProstaTrend;ENSG00000103549;RNF40;0,80;0,0058;protein_coding
ProstaTrend;ENSG00000183831;ANKRD45;0,52;0,0058;protein_coding
ProstaTrend;ENSG00000105612;DNASE2;0,77;0,006;protein_coding
ProstaTrend;ENSG00000164197;RNF180;-0,69;0,006;protein_coding
ProstaTrend;ENSG00000174243;DDX23;0,73;0,006;protein_coding
ProstaTrend;ENSG00000213918;DNASE1;0,61;0,006;protein_coding
ProstaTrend;ENSG00000170775;GPR37;0,73;0,0061;protein_coding
ProstaTrend;ENSG00000182492;BGN;0,80;0,0061;protein_coding
ProstaTrend;ENSG00000170260;ZNF212;0,76;0,0061;protein_coding
ProstaTrend;ENSG00000226174;TEX22;0,69;0,0061;protein_coding
ProstaTrend;ENSG00000072042;RDH11;-0,66;0,0061;protein_coding
ProstaTrend;ENSG00000156304;SCAF4;0,76;0,0061;protein_coding
ProstaTrend;ENSG00000137804;NUSAP1;0,73;0,0062;protein_coding
ProstaTrend;ENSG00000196453;ZNF777;0,79;0,0062;protein_coding
ProstaTrend;ENSG00000166405;RIC3;-0,69;0,0062;protein_coding
ProstaTrend;ENSG00000239857;GET4;0,69;0,0062;protein_coding
ProstaTrend;ENSG00000104957;CCDC130;0,75;0,0062;protein_coding
ProstaTrend;ENSG00000165943;MOAP1;-0,72;0,0063;protein_coding
ProstaTrend;ENSG00000273983;HIST1H3G;0,64;0,0064;protein_coding
ProstaTrend;ENSG00000120802;TMPO;0,84;0,0064;protein_coding
ProstaTrend;ENSG00000225975;LINC01534;0,60;0,0064;lncRNA
ProstaTrend;ENSG00000166987;MBD6;0,84;0,0065;protein_coding
ProstaTrend;ENSG00000124145;SDC4;0,57;0,0065;protein_coding
ProstaTrend;ENSG00000166923;GREM1;0,68;0,0065;protein_coding
ProstaTrend;ENSG00000175727;MLXIP;0,78;0,0065;protein_coding
ProstaTrend;ENSG00000067141;NEO1;-0,79;0,0065;protein_coding
ProstaTrend;ENSG00000163864;NMNAT3;0,89;0,0065;protein_coding
ProstaTrend;ENSG00000176208;ATAD5;0,80;0,0065;protein_coding
ProstaTrend;ENSG00000048471;SNX29;0,78;0,0065;protein_coding
ProstaTrend;ENSG00000131747;TOP2A;0,70;0,0066;protein_coding
ProstaTrend;ENSG00000116171;SCP2;-0,78;0,0066;protein_coding
ProstaTrend;ENSG00000104889;RNASEH2A;0,63;0,0067;protein_coding
ProstaTrend;ENSG00000002822;MAD1L1;0,68;0,0067;protein_coding
ProstaTrend;ENSG00000105388;CEACAM5;0,40;0,0067;protein_coding
ProstaTrend;ENSG00000182831;C16orf72;0,72;0,0068;protein_coding
ProstaTrend;ENSG00000099364;FBXL19;0,80;0,0068;protein_coding
ProstaTrend;ENSG00000187764;SEMA4D;0,67;0,0068;protein_coding
ProstaTrend;ENSG00000205413;SAMD9;0,41;0,0071;protein_coding
ProstaTrend;ENSG00000279369;AC046185.3;0,67;0,0071;TEC
ProstaTrend;ENSG00000163755;HPS3;0,55;0,0071;protein_coding
ProstaTrend;ENSG00000149179;C11orf49;0,68;0,0071;protein_coding
ProstaTrend;ENSG00000172757;CFL1;0,63;0,0071;protein_coding
ProstaTrend;ENSG00000152527;PLEKHH2;0,62;0,0072;protein_coding
ProstaTrend;ENSG00000278463;HIST1H2AB;0,69;0,0072;protein_coding
ProstaTrend;ENSG00000142409;ZNF787;0,69;0,0073;protein_coding
ProstaTrend;ENSG00000079112;CDH17;0,58;0,0073;protein_coding
ProstaTrend;ENSG00000188895;MSL1;0,70;0,0073;protein_coding
ProstaTrend;XLOC_135891;;0,55;0,0074;
ProstaTrend;ENSG00000181904;C5orf24;-0,65;0,0075;protein_coding
ProstaTrend;ENSG00000147364;FBXO25;-0,82;0,0075;protein_coding
ProstaTrend;ENSG00000156787;TBC1D31;0,60;0,0075;protein_coding
ProstaTrend;ENSG00000068137;PLEKHH3;0,67;0,0075;protein_coding
ProstaTrend;ENSG00000138756;BMP2K;0,66;0,0076;protein_coding
ProstaTrend;ENSG00000183778;B3GALT5;0,53;0,0076;protein_coding
ProstaTrend;ENSG00000165244;ZNF367;0,61;0,0077;protein_coding
ProstaTrend;ENSG00000071054;MAP4K4;0,78;0,0077;protein_coding
ProstaTrend;ENSG00000109472;CPE;-0,69;0,0077;protein_coding
ProstaTrend;ENSG00000105698;USF2;0,73;0,0077;protein_coding
ProstaTrend;ENSG00000213024;NUP62;0,76;0,0077;protein_coding
ProstaTrend;ENSG00000181135;ZNF707;0,60;0,0078;protein_coding
ProstaTrend;ENSG00000111642;CHD4;0,82;0,0078;protein_coding
ProstaTrend;ENSG00000143226;FCGR2A;0,74;0,0078;protein_coding
ProstaTrend;ENSG00000083812;ZNF324;0,65;0,0078;protein_coding
ProstaTrend;ENSG00000003249;DBNDD1;0,72;0,0078;protein_coding
ProstaTrend;ENSG00000071462;BUD23;0,50;0,0078;protein_coding
ProstaTrend;ENSG00000106144;CASP2;0,91;0,008;protein_coding
ProstaTrend;ENSG00000223350;IGLV9-49;0,51;0,008;IG_V_gene
ProstaTrend;ENSG00000188064;WNT7B;0,69;0,008;protein_coding
ProstaTrend;ENSG00000214293;APTR;0,56;0,0081;lncRNA
ProstaTrend;ENSG00000234814;SVILP1;0,45;0,0081;transcribed_unprocessed_pseudogene
ProstaTrend;ENSG00000161996;WDR90;0,56;0,0082;protein_coding
ProstaTrend;ENSG00000113810;SMC4;0,66;0,0082;protein_coding
ProstaTrend;ENSG00000168014;C2CD3;0,64;0,0082;protein_coding
ProstaTrend;ENSG00000127586;CHTF18;0,61;0,0082;protein_coding
ProstaTrend;ENSG00000116954;RRAGC;0,72;0,0083;protein_coding
ProstaTrend;ENSG00000136828;RALGPS1;0,57;0,0083;protein_coding
ProstaTrend;ENSG00000272168;CASC15;0,62;0,0083;lncRNA
ProstaTrend;ENSG00000197114;ZGPAT;0,77;0,0083;protein_coding
ProstaTrend;ENSG00000241058;NSUN6;-0,68;0,0083;protein_coding
ProstaTrend;ENSG00000081181;ARG2;-0,70;0,0084;protein_coding
ProstaTrend;ENSG00000138495;COX17;0,66;0,0084;protein_coding
ProstaTrend;XLOC_189524;;0,47;0,0084;
ProstaTrend;ENSG00000179588;ZFPM1;0,75;0,0084;protein_coding
ProstaTrend;ENSG00000234616;JRK;0,65;0,0085;protein_coding
ProstaTrend;ENSG00000173465;SSSCA1;0,91;0,0085;protein_coding
ProstaTrend;ENSG00000146063;TRIM41;0,67;0,0086;protein_coding
ProstaTrend;ENSG00000230102;LINC02028;0,53;0,0087;lncRNA
ProstaTrend;ENSG00000131781;FMO5;-0,91;0,0087;protein_coding
ProstaTrend;ENSG00000144810;COL8A1;0,73;0,0087;protein_coding
ProstaTrend;ENSG00000215895;AL354702.1;-0,70;0,0087;processed_pseudogene
ProstaTrend;ENSG00000103550;KNOP1;0,63;0,0087;protein_coding
ProstaTrend;ENSG00000143793;C1orf35;0,61;0,0087;protein_coding
ProstaTrend;ENSG00000122641;INHBA;0,76;0,0088;protein_coding
ProstaTrend;ENSG00000169604;ANTXR1;0,71;0,0088;protein_coding
ProstaTrend;ENSG00000146830;GIGYF1;0,70;0,0088;protein_coding
ProstaTrend;ENSG00000110583;NAA40;0,68;0,0089;protein_coding
ProstaTrend;ENSG00000278588;HIST1H2BI;0,58;0,0089;protein_coding
ProstaTrend;ENSG00000088340;FER1L4;0,47;0,009;transcribed_unitary_pseudogene
ProstaTrend;ENSG00000239911;PRKAG2-AS1;0,59;0,0091;lncRNA
ProstaTrend;ENSG00000250427;LINC02148;0,64;0,0091;lncRNA
ProstaTrend;ENSG00000215447;BX322557.1;0,69;0,0091;
ProstaTrend;ENSG00000107581;EIF3A;-0,62;0,0091;protein_coding
ProstaTrend;ENSG00000111671;SPSB2;0,66;0,0092;protein_coding
ProstaTrend;ENSG00000070814;TCOF1;0,78;0,0092;protein_coding
ProstaTrend;ENSG00000095397;WHRN;0,68;0,0093;protein_coding
ProstaTrend;ENSG00000143228;NUF2;0,65;0,0093;protein_coding
ProstaTrend;ENSG00000158014;SLC30A2;0,45;0,0093;protein_coding
ProstaTrend;ENSG00000103540;CCP110;0,72;0,0094;protein_coding
ProstaTrend;ENSG00000211956;IGHV4-34;0,54;0,0094;IG_V_gene
ProstaTrend;ENSG00000126001;CEP250;0,68;0,0094;protein_coding
ProstaTrend;ENSG00000198700;IPO9;0,63;0,0094;protein_coding
ProstaTrend;ENSG00000171345;KRT19;0,69;0,0095;protein_coding
ProstaTrend;ENSG00000221838;AP4M1;0,59;0,0095;protein_coding
ProstaTrend;ENSG00000077152;UBE2T;0,72;0,0096;protein_coding
ProstaTrend;ENSG00000274997;HIST1H2AH;0,54;0,0096;protein_coding
ProstaTrend;ENSG00000169562;GJB1;-0,67;0,0096;protein_coding
ProstaTrend;ENSG00000116096;SPR;-0,68;0,0096;protein_coding
ProstaTrend;ENSG00000064601;CTSA;0,62;0,0096;protein_coding
ProstaTrend;ENSG00000124429;POF1B;0,56;0,0097;protein_coding
ProstaTrend;ENSG00000064419;TNPO3;0,59;0,0098;protein_coding
ProstaTrend;ENSG00000166479;TMX3;-0,66;0,0098;protein_coding
ProstaTrend;ENSG00000011243;AKAP8L;0,69;0,0099;protein_coding
ProstaTrend;ENSG00000145604;SKP2;0,84;0,0099;protein_coding
ProstaTrend;ENSG00000106993;CDC37L1;-0,70;0,0099;protein_coding
ProstaTrend;ENSG00000102302;FGD1;0,64;0,01;protein_coding
ProstaTrend;ENSG00000101189;MRGBP;0,68;0,01;protein_coding
ProstaTrend;ENSG00000261189;AL031058.1;0,57;0,01;lncRNA
ProstaTrend;ENSG00000011426;ANLN;0,67;0,01;protein_coding
ProstaTrend;ENSG00000117266;CDK18;0,62;0,01;protein_coding
ProstaTrend;ENSG00000087460;GNAS;0,63;0,01;protein_coding
ProstaTrend;ENSG00000185347;C14orf80;0,62;0,01;protein_coding
ProstaTrend;ENSG00000166889;PATL1;0,71;0,01;protein_coding
ProstaTrend;ENSG00000113140;SPARC;0,76;0,01;protein_coding
ProstaTrend;ENSG00000009335;UBE3C;0,63;0,01;protein_coding
ProstaTrend;ENSG00000148308;GTF3C5;0,65;0,01;protein_coding
ProstaTrend;ENSG00000268686;AC010643.1;0,57;0,01;lncRNA
ProstaTrend;ENSG00000179526;SHARPIN;0,59;0,01;protein_coding
ProstaTrend;ENSG00000162931;TRIM17;0,76;0,01;protein_coding
ProstaTrend;ENSG00000047457;CP;0,62;0,01;protein_coding
ProstaTrend;ENSG00000162063;CCNF;0,57;0,01;protein_coding
ProstaTrend;ENSG00000077514;POLD3;0,72;0,01;protein_coding
ProstaTrend;ENSG00000127191;TRAF2;0,68;0,01;protein_coding
ProstaTrend;ENSG00000176410;DNAJC30;0,54;0,011;protein_coding
ProstaTrend;ENSG00000157020;SEC13;0,65;0,011;protein_coding
ProstaTrend;ENSG00000185499;MUC1;0,52;0,011;protein_coding
ProstaTrend;ENSG00000165724;ZMYND19;0,72;0,011;protein_coding
ProstaTrend;ENSG00000119711;ALDH6A1;-0,82;0,011;protein_coding
ProstaTrend;ENSG00000236212;AC009262.1;0,47;0,011;lncRNA
ProstaTrend;ENSG00000196943;NOP9;0,67;0,011;protein_coding
ProstaTrend;ENSG00000068028;RASSF1;0,70;0,011;protein_coding
ProstaTrend;ENSG00000100889;PCK2;0,56;0,011;protein_coding
ProstaTrend;ENSG00000244300;GATA2-AS1;0,59;0,011;lncRNA
ProstaTrend;ENSG00000166578;IQCD;0,47;0,011;protein_coding
ProstaTrend;ENSG00000167470;MIDN;0,72;0,011;protein_coding
ProstaTrend;ENSG00000168887;C2orf68;0,81;0,011;protein_coding
ProstaTrend;ENSG00000138642;HERC6;0,55;0,011;protein_coding
ProstaTrend;ENSG00000103257;SLC7A5;0,64;0,011;protein_coding
ProstaTrend;ENSG00000041353;RAB27B;-0,70;0,011;protein_coding
ProstaTrend;ENSG00000198901;PRC1;0,69;0,011;protein_coding
ProstaTrend;ENSG00000172530;BANP;0,68;0,011;protein_coding
ProstaTrend;ENSG00000160917;CPSF4;0,61;0,011;protein_coding
ProstaTrend;ENSG00000211952;IGHV4-28;0,54;0,011;IG_V_gene
ProstaTrend;ENSG00000005339;CREBBP;0,70;0,011;protein_coding
ProstaTrend;ENSG00000173193;PARP14;0,58;0,011;protein_coding
ProstaTrend;ENSG00000130787;HIP1R;0,70;0,011;protein_coding
ProstaTrend;ENSG00000087365;SF3B2;0,60;0,012;protein_coding
ProstaTrend;ENSG00000143294;PRCC;0,74;0,012;protein_coding
ProstaTrend;ENSG00000123500;COL10A1;0,66;0,012;protein_coding
ProstaTrend;ENSG00000101150;TPD52L2;0,65;0,012;protein_coding
ProstaTrend;ENSG00000028310;BRD9;0,66;0,012;protein_coding
ProstaTrend;ENSG00000169231;THBS3;0,67;0,012;protein_coding
ProstaTrend;ENSG00000158710;TAGLN2;0,65;0,012;protein_coding
ProstaTrend;ENSG00000242622;AC092910.3;0,54;0,012;lncRNA
ProstaTrend;ENSG00000173702;MUC13;0,46;0,012;protein_coding
ProstaTrend;ENSG00000066422;ZBTB11;0,69;0,012;protein_coding
ProstaTrend;ENSG00000215807;KRT18P65;-0,74;0,012;processed_pseudogene
ProstaTrend;ENSG00000149269;PAK1;0,63;0,012;protein_coding
ProstaTrend;ENSG00000134343;ANO3;0,48;0,012;protein_coding
ProstaTrend;ENSG00000167394;ZNF668;0,75;0,012;protein_coding
ProstaTrend;ENSG00000110492;MDK;0,63;0,012;protein_coding
ProstaTrend;ENSG00000136490;LIMD2;0,74;0,012;protein_coding
ProstaTrend;ENSG00000175305;CCNE2;0,71;0,012;protein_coding
ProstaTrend;ENSG00000196670;ZFP62;0,74;0,012;protein_coding
ProstaTrend;ENSG00000185024;BRF1;0,63;0,012;protein_coding
ProstaTrend;ENSG00000133466;C1QTNF6;0,50;0,012;protein_coding
ProstaTrend;ENSG00000181036;FCRL6;0,65;0,012;protein_coding
ProstaTrend;ENSG00000105948;TTC26;0,57;0,012;protein_coding
ProstaTrend;ENSG00000183935;HTR7P1;0,51;0,012;transcribed_processed_pseudogene
ProstaTrend;ENSG00000159216;RUNX1;0,71;0,012;protein_coding
ProstaTrend;ENSG00000180233;ZNRF2;0,65;0,012;protein_coding
ProstaTrend;ENSG00000109685;NSD2;0,52;0,012;protein_coding
ProstaTrend;ENSG00000173120;KDM2A;0,54;0,012;protein_coding
ProstaTrend;ENSG00000168795;ZBTB5;0,47;0,012;protein_coding
ProstaTrend;ENSG00000160991;ORAI2;0,70;0,012;protein_coding
ProstaTrend;ENSG00000130684;ZNF337;0,71;0,012;protein_coding
ProstaTrend;ENSG00000137103;TMEM8B;0,40;0,012;protein_coding
ProstaTrend;ENSG00000070476;ZXDC;0,69;0,012;protein_coding
ProstaTrend;ENSG00000104825;NFKBIB;0,58;0,012;protein_coding
ProstaTrend;ENSG00000176182;MYPOP;0,72;0,013;protein_coding
ProstaTrend;ENSG00000139211;AMIGO2;0,64;0,013;protein_coding
ProstaTrend;ENSG00000143398;PIP5K1A;0,66;0,013;protein_coding
ProstaTrend;ENSG00000166529;ZSCAN21;0,52;0,013;protein_coding
ProstaTrend;ENSG00000137185;ZSCAN9;0,64;0,013;protein_coding
ProstaTrend;ENSG00000167996;FTH1;0,70;0,013;protein_coding
ProstaTrend;ENSG00000172987;HPSE2;-0,91;0,013;protein_coding
ProstaTrend;ENSG00000124508;BTN2A2;0,64;0,013;protein_coding
ProstaTrend;ENSG00000173950;XXYLT1;0,69;0,013;protein_coding
ProstaTrend;ENSG00000149554;CHEK1;0,70;0,013;protein_coding
ProstaTrend;ENSG00000101986;ABCD1;0,60;0,013;protein_coding
ProstaTrend;ENSG00000095906;NUBP2;0,64;0,013;protein_coding
ProstaTrend;ENSG00000213693;SEC14L1P1;0,61;0,013;processed_pseudogene
ProstaTrend;ENSG00000274267;HIST1H3B;0,59;0,013;
ProstaTrend;ENSG00000011132;APBA3;0,76;0,013;protein_coding
ProstaTrend;ENSG00000158301;GPRASP2;-0,68;0,013;protein_coding
ProstaTrend;ENSG00000111145;ELK3;0,69;0,013;protein_coding
ProstaTrend;ENSG00000139044;B4GALNT3;0,74;0,013;protein_coding
ProstaTrend;ENSG00000100911;PSME2;0,58;0,013;protein_coding
ProstaTrend;ENSG00000175376;EIF1AD;0,50;0,013;protein_coding
ProstaTrend;ENSG00000049541;RFC2;0,65;0,013;protein_coding
ProstaTrend;ENSG00000147799;ARHGAP39;0,74;0,013;protein_coding
ProstaTrend;ENSG00000178951;ZBTB7A;0,67;0,013;protein_coding
ProstaTrend;ENSG00000102547;CAB39L;-0,71;0,013;protein_coding
ProstaTrend;ENSG00000167395;ZNF646;0,73;0,013;protein_coding
ProstaTrend;ENSG00000102882;MAPK3;0,65;0,014;protein_coding
ProstaTrend;ENSG00000162032;SPSB3;0,60;0,014;protein_coding
ProstaTrend;ENSG00000253320;AZIN1-AS1;0,57;0,014;lncRNA
ProstaTrend;ENSG00000111319;SCNN1A;0,66;0,014;protein_coding
ProstaTrend;ENSG00000152669;CCNO;0,55;0,014;protein_coding
ProstaTrend;ENSG00000135899;SP110;0,49;0,014;protein_coding
ProstaTrend;ENSG00000120697;ALG5;-0,66;0,014;protein_coding
ProstaTrend;ENSG00000211637;IGLV4-69;0,32;0,014;IG_V_gene
ProstaTrend;ENSG00000161202;DVL3;0,64;0,014;protein_coding
ProstaTrend;ENSG00000198369;SPRED2;0,62;0,014;protein_coding
ProstaTrend;ENSG00000080189;SLC35C2;0,64;0,014;protein_coding
ProstaTrend;ENSG00000135956;TMEM127;0,64;0,014;protein_coding
ProstaTrend;ENSG00000139436;GIT2;0,68;0,014;protein_coding
ProstaTrend;ENSG00000099954;CECR2;-0,62;0,014;protein_coding
ProstaTrend;ENSG00000167461;RAB8A;0,71;0,014;protein_coding
ProstaTrend;ENSG00000013583;HEBP1;0,49;0,014;protein_coding
ProstaTrend;ENSG00000135250;SRPK2;0,64;0,014;protein_coding
ProstaTrend;ENSG00000142252;GEMIN7;0,75;0,014;protein_coding
ProstaTrend;ENSG00000135063;FAM189A2;-0,74;0,014;protein_coding
ProstaTrend;ENSG00000082701;GSK3B;0,69;0,014;protein_coding
ProstaTrend;ENSG00000215915;ATAD3C;0,55;0,014;protein_coding
ProstaTrend;ENSG00000163590;PPM1L;0,74;0,014;protein_coding
ProstaTrend;ENSG00000142453;CARM1;0,73;0,014;protein_coding
ProstaTrend;ENSG00000171877;FRMD5;0,58;0,014;protein_coding
ProstaTrend;ENSG00000166851;PLK1;0,63;0,014;protein_coding
ProstaTrend;ENSG00000151458;ANKRD50;0,71;0,014;protein_coding
ProstaTrend;ENSG00000211959;IGHV4-39;0,56;0,014;IG_V_gene
ProstaTrend;XLOC_016951;;0,31;0,014;
ProstaTrend;ENSG00000213901;SLC23A3;0,49;0,014;protein_coding
ProstaTrend;ENSG00000113328;CCNG1;-0,58;0,015;protein_coding
ProstaTrend;ENSG00000132792;CTNNBL1;0,51;0,015;protein_coding
ProstaTrend;ENSG00000112877;CEP72;0,65;0,015;protein_coding
ProstaTrend;ENSG00000211965;IGHV3-49;0,53;0,015;IG_V_gene
ProstaTrend;ENSG00000149600;COMMD7;0,62;0,015;protein_coding
ProstaTrend;ENSG00000197024;ZNF398;0,61;0,015;protein_coding
ProstaTrend;ENSG00000185684;EP400NL;0,64;0,015;transcribed_unprocessed_pseudogene
ProstaTrend;ENSG00000185650;ZFP36L1;0,74;0,015;protein_coding
ProstaTrend;ENSG00000148297;MED22;0,67;0,015;protein_coding
ProstaTrend;ENSG00000145916;RMND5B;0,71;0,015;protein_coding
ProstaTrend;ENSG00000240567;LINC02067;0,56;0,015;lncRNA
ProstaTrend;ENSG00000239569;KMT2E-AS1;0,51;0,015;lncRNA
ProstaTrend;ENSG00000168005;C11orf84;0,65;0,015;protein_coding
ProstaTrend;ENSG00000187257;RSBN1L;0,54;0,015;protein_coding
ProstaTrend;ENSG00000233930;KRTAP5-AS1;0,53;0,015;lncRNA
ProstaTrend;ENSG00000173110;HSPA6;0,43;0,015;protein_coding
ProstaTrend;ENSG00000154263;ABCA10;-0,71;0,015;protein_coding
ProstaTrend;ENSG00000114346;ECT2;0,59;0,015;protein_coding
ProstaTrend;ENSG00000140577;CRTC3;0,76;0,015;protein_coding
ProstaTrend;ENSG00000137965;IFI44;0,43;0,015;protein_coding
ProstaTrend;ENSG00000130758;MAP3K10;0,66;0,015;protein_coding
ProstaTrend;ENSG00000272391;POM121C;0,71;0,016;protein_coding
ProstaTrend;ENSG00000105576;TNPO2;0,71;0,016;protein_coding
ProstaTrend;ENSG00000155903;RASA2;0,62;0,016;protein_coding
ProstaTrend;ENSG00000239213;NCK1-AS1;0,66;0,016;lncRNA
ProstaTrend;ENSG00000227531;AL162414.1;0,61;0,016;lncRNA
ProstaTrend;ENSG00000073910;FRY;0,60;0,016;protein_coding
ProstaTrend;ENSG00000263072;ZNF213-AS1;0,46;0,016;lncRNA
ProstaTrend;ENSG00000071051;NCK2;0,57;0,016;protein_coding
ProstaTrend;ENSG00000174586;ZNF497;0,59;0,016;protein_coding
ProstaTrend;ENSG00000134086;VHL;0,71;0,016;protein_coding
ProstaTrend;ENSG00000184675;AMER1;0,63;0,016;protein_coding
ProstaTrend;ENSG00000106809;OGN;-0,62;0,016;protein_coding
ProstaTrend;ENSG00000188986;NELFB;0,61;0,016;protein_coding
ProstaTrend;ENSG00000088038;CNOT3;0,66;0,016;protein_coding
ProstaTrend;ENSG00000162849;KIF26B;0,53;0,016;protein_coding
ProstaTrend;ENSG00000146233;CYP39A1;-0,65;0,016;protein_coding
ProstaTrend;ENSG00000179583;CIITA;0,68;0,016;protein_coding
ProstaTrend;ENSG00000078246;TULP3;0,65;0,016;protein_coding
ProstaTrend;ENSG00000139154;AEBP2;0,48;0,016;protein_coding
ProstaTrend;ENSG00000026950;BTN3A1;0,59;0,016;protein_coding
ProstaTrend;ENSG00000248932;AC097103.2;0,54;0,016;lncRNA
ProstaTrend;ENSG00000225643;AL606491.1;0,61;0,016;lncRNA
ProstaTrend;ENSG00000133216;EPHB2;0,62;0,017;protein_coding
ProstaTrend;ENSG00000174669;SLC29A2;0,59;0,017;protein_coding
ProstaTrend;ENSG00000033100;CHPF2;0,63;0,017;protein_coding
ProstaTrend;ENSG00000033050;ABCF2;0,61;0,017;protein_coding
ProstaTrend;ENSG00000148680;HTR7;0,50;0,017;protein_coding
ProstaTrend;ENSG00000103056;SMPD3;0,48;0,017;protein_coding
ProstaTrend;ENSG00000232445;AC006329.1;0,58;0,017;lncRNA
ProstaTrend;ENSG00000134490;TMEM241;0,71;0,017;protein_coding
ProstaTrend;ENSG00000139055;ERP27;0,37;0,017;protein_coding
ProstaTrend;ENSG00000137747;TMPRSS13;0,61;0,017;protein_coding
ProstaTrend;ENSG00000178163;ZNF518B;0,57;0,017;protein_coding
ProstaTrend;ENSG00000104081;BMF;0,69;0,017;protein_coding
ProstaTrend;ENSG00000172594;SMPDL3A;-0,80;0,017;protein_coding
ProstaTrend;ENSG00000170632;ARMC10;0,59;0,017;protein_coding
ProstaTrend;ENSG00000183258;DDX41;0,62;0,017;protein_coding
ProstaTrend;ENSG00000158373;HIST1H2BD;0,57;0,017;protein_coding
ProstaTrend;ENSG00000127616;SMARCA4;0,80;0,017;protein_coding
ProstaTrend;ENSG00000058799;YIPF1;-0,66;0,017;protein_coding
ProstaTrend;ENSG00000074803;SLC12A1;0,40;0,017;protein_coding
ProstaTrend;ENSG00000198513;ATL1;-0,77;0,017;protein_coding
ProstaTrend;ENSG00000165355;FBXO33;-0,54;0,017;protein_coding
ProstaTrend;ENSG00000138829;FBN2;0,42;0,017;protein_coding
ProstaTrend;ENSG00000123154;WDR83;0,47;0,018;protein_coding
ProstaTrend;ENSG00000134815;DHX34;0,63;0,018;protein_coding
ProstaTrend;ENSG00000103335;PIEZO1;0,69;0,018;protein_coding
ProstaTrend;ENSG00000160949;TONSL;0,71;0,018;protein_coding
ProstaTrend;ENSG00000164754;RAD21;0,72;0,018;protein_coding
ProstaTrend;ENSG00000163249;CCNYL1;0,58;0,018;protein_coding
ProstaTrend;ENSG00000072062;PRKACA;0,63;0,018;protein_coding
ProstaTrend;ENSG00000099814;CEP170B;0,59;0,018;protein_coding
ProstaTrend;ENSG00000146411;SLC2A12;-0,68;0,018;protein_coding
ProstaTrend;ENSG00000148655;LRMDA;-0,65;0,018;protein_coding
ProstaTrend;ENSG00000197674;OR51C1P;-0,71;0,018;protein_coding
ProstaTrend;ENSG00000064995;TAF11;0,61;0,018;protein_coding
ProstaTrend;ENSG00000260233;SSSCA1-AS1;0,58;0,018;lncRNA
ProstaTrend;ENSG00000166483;WEE1;0,65;0,018;protein_coding
ProstaTrend;ENSG00000176619;LMNB2;0,71;0,018;protein_coding
ProstaTrend;ENSG00000176855;KRT18P28;-0,66;0,018;processed_pseudogene
ProstaTrend;ENSG00000135245;HILPDA;0,52;0,018;protein_coding
ProstaTrend;ENSG00000206417;H1FX-AS1;0,56;0,018;lncRNA
ProstaTrend;ENSG00000235530;AC087294.1;0,55;0,018;lncRNA
ProstaTrend;ENSG00000108370;RGS9;0,60;0,018;protein_coding
ProstaTrend;ENSG00000110427;KIAA1549L;0,63;0,019;protein_coding
ProstaTrend;ENSG00000132970;WASF3;-0,60;0,019;protein_coding
ProstaTrend;ENSG00000122687;MRM2;0,56;0,019;protein_coding
ProstaTrend;ENSG00000070756;PABPC1;0,53;0,019;protein_coding
ProstaTrend;ENSG00000124357;NAGK;0,70;0,019;protein_coding
ProstaTrend;ENSG00000135622;SEMA4F;0,63;0,019;protein_coding
ProstaTrend;ENSG00000172432;GTPBP2;0,66;0,019;protein_coding
ProstaTrend;ENSG00000084731;KIF3C;0,72;0,019;protein_coding
ProstaTrend;ENSG00000165629;ATP5C1;-0,58;0,019;protein_coding
ProstaTrend;ENSG00000134709;HOOK1;-0,61;0,019;protein_coding
ProstaTrend;ENSG00000133107;TRPC4;-0,67;0,019;protein_coding
ProstaTrend;ENSG00000110274;CEP164;0,65;0,019;protein_coding
ProstaTrend;ENSG00000171940;ZNF217;0,57;0,019;protein_coding
ProstaTrend;ENSG00000170852;KBTBD2;0,66;0,019;protein_coding
ProstaTrend;ENSG00000253405;EVX1-AS;0,59;0,019;lncRNA
ProstaTrend;ENSG00000260658;AC138305.1;-0,74;0,019;lncRNA
ProstaTrend;XLOC_078679;;0,43;0,019;
ProstaTrend;ENSG00000136986;DERL1;0,63;0,019;protein_coding
ProstaTrend;ENSG00000089127;OAS1;0,41;0,019;protein_coding
ProstaTrend;ENSG00000176953;NFATC2IP;0,71;0,019;protein_coding
ProstaTrend;ENSG00000197785;ATAD3A;0,65;0,019;protein_coding
ProstaTrend;ENSG00000084112;SSH1;0,58;0,019;protein_coding
ProstaTrend;ENSG00000134480;CCNH;-0,80;0,019;protein_coding
ProstaTrend;ENSG00000164880;INTS1;0,74;0,019;protein_coding
ProstaTrend;ENSG00000146067;FAM193B;0,60;0,019;protein_coding
ProstaTrend;XLOC_040861;;0,48;0,019;
ProstaTrend;ENSG00000124743;KLHL31;0,55;0,019;protein_coding
ProstaTrend;ENSG00000008323;PLEKHG6;0,71;0,02;protein_coding
ProstaTrend;ENSG00000198792;TMEM184B;0,57;0,02;protein_coding
ProstaTrend;ENSG00000240204;SMKR1;0,54;0,02;protein_coding
ProstaTrend;ENSG00000138193;PLCE1;0,46;0,02;protein_coding
ProstaTrend;ENSG00000165487;MICU2;-0,59;0,02;protein_coding
ProstaTrend;ENSG00000102032;RENBP;0,53;0,02;protein_coding
ProstaTrend;ENSG00000154917;RAB6B;0,60;0,02;protein_coding
ProstaTrend;ENSG00000127452;FBXL12;0,60;0,02;protein_coding
ProstaTrend;ENSG00000259702;AC024337.1;0,51;0,02;lncRNA
ProstaTrend;ENSG00000255622;PCDHB17P;0,52;0,02;transcribed_unprocessed_pseudogene
ProstaTrend;ENSG00000105323;HNRNPUL1;0,74;0,02;protein_coding
ProstaTrend;ENSG00000089351;GRAMD1A;0,66;0,02;protein_coding
ProstaTrend;ENSG00000143514;TP53BP2;0,61;0,02;protein_coding
ProstaTrend;ENSG00000256916;AP000851.1;0,39;0,02;lncRNA
ProstaTrend;ENSG00000160051;IQCC;0,62;0,02;protein_coding
ProstaTrend;ENSG00000226824;AC006001.2;0,57;0,02;lncRNA
ProstaTrend;ENSG00000122574;WIPF3;0,48;0,02;protein_coding
ProstaTrend;ENSG00000211648;IGLV1-47;0,52;0,02;IG_V_gene
ProstaTrend;ENSG00000196642;RABL6;0,65;0,021;protein_coding
ProstaTrend;ENSG00000253223;AC110998.1;0,59;0,021;processed_pseudogene
ProstaTrend;ENSG00000049323;LTBP1;0,57;0,021;protein_coding
ProstaTrend;ENSG00000054690;PLEKHH1;-0,57;0,021;protein_coding
ProstaTrend;ENSG00000138744;NAAA;-0,65;0,021;protein_coding
ProstaTrend;ENSG00000156983;BRPF1;0,66;0,021;protein_coding
ProstaTrend;ENSG00000122566;HNRNPA2B1;0,63;0,021;protein_coding
ProstaTrend;ENSG00000169609;C15orf40;0,61;0,021;protein_coding
ProstaTrend;ENSG00000242802;AP5Z1;0,57;0,021;protein_coding
ProstaTrend;ENSG00000261360;AC010491.1;0,48;0,021;lncRNA
ProstaTrend;ENSG00000165025;SYK;0,64;0,021;protein_coding
ProstaTrend;ENSG00000256128;LINC00944;0,55;0,021;lncRNA
ProstaTrend;ENSG00000162688;AGL;-0,66;0,021;protein_coding
ProstaTrend;ENSG00000159884;CCDC107;0,42;0,021;protein_coding
ProstaTrend;ENSG00000100836;PABPN1;0,61;0,021;protein_coding
ProstaTrend;ENSG00000127831;VIL1;0,50;0,021;protein_coding
ProstaTrend;ENSG00000167657;DAPK3;0,61;0,021;protein_coding
ProstaTrend;ENSG00000232295;AL589935.1;-0,60;0,021;lncRNA
ProstaTrend;ENSG00000260418;AL023284.4;0,45;0,021;lncRNA
ProstaTrend;ENSG00000182979;MTA1;0,65;0,021;protein_coding
ProstaTrend;ENSG00000116761;CTH;-0,66;0,021;protein_coding
ProstaTrend;ENSG00000253276;CCDC71L;0,54;0,021;protein_coding
ProstaTrend;ENSG00000131470;PSMC3IP;0,61;0,021;protein_coding
ProstaTrend;ENSG00000233994;GDI2P2;-0,58;0,021;processed_pseudogene
ProstaTrend;ENSG00000086205;FOLH1;-0,62;0,021;protein_coding
ProstaTrend;ENSG00000176915;ANKLE2;0,88;0,021;protein_coding
ProstaTrend;ENSG00000106070;GRB10;0,60;0,021;protein_coding
ProstaTrend;ENSG00000184990;SIVA1;0,65;0,021;protein_coding
ProstaTrend;ENSG00000149657;LSM14B;0,57;0,022;protein_coding
ProstaTrend;ENSG00000085552;IGSF9;0,62;0,022;protein_coding
ProstaTrend;ENSG00000211639;IGLV4-60;0,39;0,022;IG_V_gene
ProstaTrend;ENSG00000272304;AC096721.1;0,37;0,022;lncRNA
ProstaTrend;ENSG00000153179;RASSF3;-0,73;0,022;protein_coding
ProstaTrend;ENSG00000172543;CTSW;0,58;0,022;protein_coding
ProstaTrend;ENSG00000101191;DIDO1;0,59;0,022;protein_coding
ProstaTrend;ENSG00000197063;MAFG;0,63;0,022;protein_coding
ProstaTrend;ENSG00000177045;SIX5;0,57;0,022;protein_coding
ProstaTrend;ENSG00000134107;BHLHE40;0,59;0,022;protein_coding
ProstaTrend;ENSG00000147010;SH3KBP1;0,62;0,022;protein_coding
ProstaTrend;ENSG00000161036;LRWD1;0,61;0,022;protein_coding
ProstaTrend;ENSG00000163558;PRKCI;0,66;0,022;protein_coding
ProstaTrend;ENSG00000116005;PCYOX1;-0,57;0,022;protein_coding
ProstaTrend;ENSG00000163617;CCDC191;0,56;0,022;protein_coding
ProstaTrend;ENSG00000060491;OGFR;0,53;0,023;protein_coding
ProstaTrend;ENSG00000170445;HARS;-0,56;0,023;protein_coding
ProstaTrend;ENSG00000168067;MAP4K2;0,60;0,023;protein_coding
ProstaTrend;ENSG00000119333;WDR34;0,62;0,023;protein_coding
ProstaTrend;ENSG00000163191;S100A11;0,58;0,023;protein_coding
ProstaTrend;ENSG00000153485;TMEM251;-0,58;0,023;protein_coding
ProstaTrend;ENSG00000178188;SH2B1;0,70;0,023;protein_coding
ProstaTrend;ENSG00000215193;PEX26;0,69;0,023;protein_coding
ProstaTrend;XLOC_026322;;0,47;0,023;
ProstaTrend;ENSG00000137573;SULF1;0,61;0,023;protein_coding
ProstaTrend;ENSG00000117360;PRPF3;0,60;0,023;protein_coding
ProstaTrend;ENSG00000106397;PLOD3;0,56;0,023;protein_coding
ProstaTrend;ENSG00000122012;SV2C;0,48;0,023;protein_coding
ProstaTrend;ENSG00000153714;LURAP1L;0,57;0,023;protein_coding
ProstaTrend;ENSG00000245571;AP001258.1;-0,82;0,024;lncRNA
ProstaTrend;ENSG00000146535;GNA12;0,58;0,024;protein_coding
ProstaTrend;ENSG00000189298;ZKSCAN3;0,62;0,024;protein_coding
ProstaTrend;ENSG00000205339;IPO7;-0,52;0,024;protein_coding
ProstaTrend;ENSG00000141627;DYM;-0,60;0,024;protein_coding
ProstaTrend;ENSG00000134056;MRPS36;-0,52;0,024;protein_coding
ProstaTrend;ENSG00000240370;RPL13P5;0,63;0,024;transcribed_processed_pseudogene
ProstaTrend;ENSG00000176444;CLK2;0,63;0,024;protein_coding
ProstaTrend;ENSG00000211655;IGLV1-36;0,53;0,024;IG_V_gene
ProstaTrend;ENSG00000172716;SLFN11;0,65;0,024;protein_coding
ProstaTrend;ENSG00000075336;TIMM21;-0,58;0,024;protein_coding
ProstaTrend;ENSG00000112902;SEMA5A;0,50;0,024;protein_coding
ProstaTrend;ENSG00000160957;RECQL4;0,55;0,024;protein_coding
ProstaTrend;ENSG00000163281;GNPDA2;-0,57;0,024;protein_coding
ProstaTrend;ENSG00000166592;RRAD;0,55;0,024;protein_coding
ProstaTrend;ENSG00000117983;MUC5B;0,38;0,024;protein_coding
ProstaTrend;ENSG00000113761;ZNF346;0,63;0,024;protein_coding
ProstaTrend;ENSG00000279020;C18orf15;0,51;0,024;TEC
ProstaTrend;ENSG00000234771;SLC25A25-AS1;0,57;0,024;lncRNA
ProstaTrend;ENSG00000214870;AC004540.1;0,54;0,024;lncRNA
ProstaTrend;ENSG00000158079;PTPDC1;0,55;0,024;protein_coding
ProstaTrend;ENSG00000239523;MYLK-AS1;0,39;0,024;lncRNA
ProstaTrend;ENSG00000138160;KIF11;0,59;0,024;protein_coding
ProstaTrend;ENSG00000011105;TSPAN9;0,63;0,024;protein_coding
ProstaTrend;ENSG00000250986;AC141928.1;-0,75;0,024;lncRNA
ProstaTrend;ENSG00000196092;PAX5;0,45;0,024;protein_coding
ProstaTrend;ENSG00000136279;DBNL;0,56;0,024;protein_coding
ProstaTrend;ENSG00000276180;HIST1H4I;0,63;0,024;protein_coding
ProstaTrend;ENSG00000160796;NBEAL2;0,60;0,024;protein_coding
ProstaTrend;ENSG00000001631;KRIT1;0,43;0,025;protein_coding
ProstaTrend;ENSG00000114670;NEK11;0,55;0,025;protein_coding
ProstaTrend;ENSG00000105221;AKT2;0,56;0,025;protein_coding
ProstaTrend;ENSG00000151725;CENPU;0,62;0,025;protein_coding
ProstaTrend;ENSG00000104824;HNRNPL;0,64;0,025;protein_coding
ProstaTrend;ENSG00000111335;OAS2;0,47;0,025;protein_coding
ProstaTrend;ENSG00000140284;SLC27A2;-0,62;0,025;protein_coding
ProstaTrend;ENSG00000137628;DDX60;0,50;0,025;protein_coding
ProstaTrend;ENSG00000168291;PDHB;-0,67;0,025;protein_coding
ProstaTrend;ENSG00000159214;CCDC24;0,63;0,025;protein_coding
ProstaTrend;ENSG00000182511;FES;0,67;0,025;protein_coding
ProstaTrend;ENSG00000277775;HIST1H3F;0,56;0,025;protein_coding
ProstaTrend;ENSG00000165966;PDZRN4;-0,60;0,025;protein_coding
ProstaTrend;ENSG00000105643;ARRDC2;0,59;0,025;protein_coding
ProstaTrend;ENSG00000268858;AL118506.1;0,55;0,025;lncRNA
ProstaTrend;ENSG00000114013;CD86;0,61;0,025;protein_coding
ProstaTrend;ENSG00000112851;ERBIN;-0,52;0,025;protein_coding
ProstaTrend;ENSG00000211897;IGHG3;0,44;0,025;IG_C_gene
ProstaTrend;ENSG00000060237;WNK1;0,68;0,025;protein_coding
ProstaTrend;ENSG00000130701;RBBP8NL;0,54;0,025;protein_coding
ProstaTrend;ENSG00000006327;TNFRSF12A;0,55;0,025;protein_coding
ProstaTrend;ENSG00000196411;EPHB4;0,72;0,025;protein_coding
ProstaTrend;ENSG00000166881;NEMP1;0,58;0,025;protein_coding
ProstaTrend;ENSG00000111450;STX2;0,59;0,026;protein_coding
ProstaTrend;ENSG00000106400;ZNHIT1;0,54;0,026;protein_coding
ProstaTrend;ENSG00000078098;FAP;0,62;0,026;protein_coding
ProstaTrend;ENSG00000263001;GTF2I;0,57;0,026;protein_coding
ProstaTrend;ENSG00000117054;ACADM;-0,51;0,026;protein_coding
ProstaTrend;ENSG00000146828;SLC12A9;0,62;0,026;protein_coding
ProstaTrend;ENSG00000139636;LMBR1L;0,62;0,026;protein_coding
ProstaTrend;ENSG00000072518;MARK2;0,66;0,026;protein_coding
ProstaTrend;ENSG00000011304;PTBP1;0,66;0,026;protein_coding
ProstaTrend;ENSG00000151500;THYN1;-0,80;0,026;protein_coding
ProstaTrend;ENSG00000137203;TFAP2A;0,60;0,026;protein_coding
ProstaTrend;ENSG00000145214;DGKQ;0,49;0,026;protein_coding
ProstaTrend;ENSG00000184254;ALDH1A3;-0,67;0,026;protein_coding
ProstaTrend;ENSG00000163541;SUCLG1;-0,61;0,026;protein_coding
ProstaTrend;ENSG00000104472;CHRAC1;0,54;0,026;protein_coding
ProstaTrend;ENSG00000154265;ABCA5;-0,69;0,026;protein_coding
ProstaTrend;ENSG00000101391;CDK5RAP1;0,59;0,026;protein_coding
ProstaTrend;ENSG00000196139;AKR1C3;0,59;0,026;protein_coding
ProstaTrend;ENSG00000168542;COL3A1;0,67;0,026;protein_coding
ProstaTrend;ENSG00000214655;ZSWIM8;0,52;0,027;protein_coding
ProstaTrend;ENSG00000162692;VCAM1;0,65;0,027;protein_coding
ProstaTrend;ENSG00000124575;HIST1H1D;0,63;0,027;protein_coding
ProstaTrend;ENSG00000152454;ZNF256;0,62;0,027;protein_coding
ProstaTrend;ENSG00000169155;ZBTB43;0,42;0,027;protein_coding
ProstaTrend;ENSG00000230454;U73166.1;0,52;0,027;lncRNA
ProstaTrend;ENSG00000123136;DDX39A;0,63;0,027;protein_coding
ProstaTrend;ENSG00000125826;RBCK1;0,63;0,027;protein_coding
ProstaTrend;ENSG00000261342;AC006538.1;0,46;0,027;lncRNA
ProstaTrend;ENSG00000124659;TBCC;0,58;0,027;protein_coding
ProstaTrend;ENSG00000153006;SREK1IP1;-0,45;0,027;protein_coding
ProstaTrend;ENSG00000116459;ATP5F1;-0,50;0,027;protein_coding
ProstaTrend;ENSG00000135931;ARMC9;0,54;0,027;protein_coding
ProstaTrend;ENSG00000100526;CDKN3;0,53;0,027;protein_coding
ProstaTrend;ENSG00000114248;LRRC31;0,45;0,027;protein_coding
ProstaTrend;ENSG00000101460;MAP1LC3A;0,57;0,027;protein_coding
ProstaTrend;ENSG00000171552;BCL2L1;0,54;0,027;protein_coding
ProstaTrend;ENSG00000105397;TYK2;0,70;0,027;protein_coding
ProstaTrend;ENSG00000163872;YEATS2;0,59;0,027;protein_coding
ProstaTrend;ENSG00000175336;APOF;-0,64;0,028;protein_coding
ProstaTrend;ENSG00000139725;RHOF;0,62;0,028;protein_coding
ProstaTrend;ENSG00000136238;RAC1;0,62;0,028;protein_coding
ProstaTrend;ENSG00000230223;ATXN8OS;0,42;0,028;lncRNA
ProstaTrend;ENSG00000102524;TNFSF13B;0,58;0,028;protein_coding
ProstaTrend;ENSG00000131323;TRAF3;0,63;0,028;protein_coding
ProstaTrend;ENSG00000112874;NUDT12;-0,53;0,028;protein_coding
ProstaTrend;ENSG00000047648;ARHGAP6;-0,53;0,028;protein_coding
ProstaTrend;ENSG00000112799;LY86;0,64;0,028;protein_coding
ProstaTrend;ENSG00000261502;AC040174.1;-0,91;0,028;lncRNA
ProstaTrend;ENSG00000171703;TCEA2;0,61;0,028;protein_coding
ProstaTrend;XLOC_139458;;0,54;0,028;
ProstaTrend;ENSG00000184634;MED12;0,75;0,028;protein_coding
ProstaTrend;ENSG00000137959;IFI44L;0,39;0,028;protein_coding
ProstaTrend;ENSG00000164896;FASTK;0,56;0,028;protein_coding
ProstaTrend;ENSG00000141577;CEP131;0,69;0,028;protein_coding
ProstaTrend;ENSG00000179262;RAD23A;0,72;0,028;protein_coding
ProstaTrend;ENSG00000188878;FBF1;0,63;0,028;protein_coding
ProstaTrend;ENSG00000145423;SFRP2;0,54;0,028;protein_coding
ProstaTrend;ENSG00000104154;SLC30A4;-0,53;0,028;protein_coding
ProstaTrend;ENSG00000089289;IGBP1;-0,57;0,028;protein_coding
ProstaTrend;ENSG00000090889;KIF4A;0,48;0,028;protein_coding
ProstaTrend;ENSG00000267532;MIR497HG;0,56;0,028;lncRNA
ProstaTrend;XLOC_006945;;0,62;0,028;
ProstaTrend;ENSG00000156687;UNC5D;-0,71;0,028;protein_coding
ProstaTrend;ENSG00000168209;DDIT4;0,56;0,028;protein_coding
ProstaTrend;ENSG00000143942;CHAC2;0,54;0,029;protein_coding
ProstaTrend;ENSG00000262712;AC012676.1;0,51;0,029;lncRNA
ProstaTrend;ENSG00000118707;TGIF2;0,63;0,029;protein_coding
ProstaTrend;ENSG00000115353;TACR1;0,47;0,029;protein_coding
ProstaTrend;ENSG00000259330;INAFM2;-0,61;0,029;protein_coding
ProstaTrend;ENSG00000160710;ADAR;0,43;0,029;protein_coding
ProstaTrend;ENSG00000168661;ZNF30;-0,73;0,029;protein_coding
ProstaTrend;XLOC_158075;;0,38;0,029;
ProstaTrend;ENSG00000106459;NRF1;0,46;0,029;protein_coding
ProstaTrend;ENSG00000156026;MCU;0,50;0,029;protein_coding
ProstaTrend;ENSG00000101049;SGK2;0,46;0,029;protein_coding
ProstaTrend;ENSG00000068308;OTUD5;0,65;0,029;protein_coding
ProstaTrend;ENSG00000068323;TFE3;0,63;0,029;protein_coding
ProstaTrend;ENSG00000198887;SMC5;0,66;0,03;protein_coding
ProstaTrend;ENSG00000211662;IGLV3-21;0,50;0,03;IG_V_gene
ProstaTrend;ENSG00000269781;FLJ20306;0,45;0,03;
ProstaTrend;ENSG00000169398;PTK2;0,57;0,03;protein_coding
ProstaTrend;ENSG00000131408;NR1H2;0,54;0,03;protein_coding
ProstaTrend;ENSG00000205544;TMEM256;-0,57;0,03;protein_coding
ProstaTrend;ENSG00000129351;ILF3;0,72;0,03;protein_coding
ProstaTrend;ENSG00000230532;AC091133.1;0,51;0,03;lncRNA
ProstaTrend;ENSG00000153391;INO80C;-0,52;0,03;protein_coding
ProstaTrend;ENSG00000163159;VPS72;0,50;0,03;protein_coding
ProstaTrend;ENSG00000165813;CCDC186;-0,67;0,03;protein_coding
ProstaTrend;ENSG00000103148;NPRL3;0,58;0,03;protein_coding
ProstaTrend;ENSG00000183087;GAS6;0,59;0,03;protein_coding
ProstaTrend;ENSG00000038427;VCAN;0,57;0,03;protein_coding
ProstaTrend;ENSG00000244578;LINC01391;0,37;0,03;lncRNA
ProstaTrend;ENSG00000167632;TRAPPC9;0,56;0,03;protein_coding
ProstaTrend;ENSG00000122824;NUDT10;0,48;0,03;protein_coding
ProstaTrend;ENSG00000146918;NCAPG2;0,59;0,031;protein_coding
ProstaTrend;ENSG00000197548;ATG7;0,64;0,031;protein_coding
ProstaTrend;ENSG00000162148;PPP1R32;0,58;0,031;protein_coding
ProstaTrend;ENSG00000077274;CAPN6;-0,68;0,031;protein_coding
ProstaTrend;ENSG00000091164;TXNL1;-0,54;0,031;protein_coding
ProstaTrend;ENSG00000169926;KLF13;0,64;0,031;protein_coding
ProstaTrend;ENSG00000255404;AP001266.1;0,54;0,031;lncRNA
ProstaTrend;ENSG00000151320;AKAP6;0,37;0,031;protein_coding
ProstaTrend;ENSG00000106244;PDAP1;0,54;0,031;protein_coding
ProstaTrend;ENSG00000157800;SLC37A3;0,53;0,031;protein_coding
ProstaTrend;ENSG00000168078;PBK;0,51;0,031;protein_coding
ProstaTrend;ENSG00000197037;ZSCAN25;0,58;0,031;protein_coding
ProstaTrend;ENSG00000153187;HNRNPU;0,56;0,031;protein_coding
ProstaTrend;ENSG00000106344;RBM28;0,59;0,031;protein_coding
ProstaTrend;ENSG00000131591;C1orf159;0,51;0,031;protein_coding
ProstaTrend;ENSG00000163348;PYGO2;0,62;0,031;protein_coding
ProstaTrend;ENSG00000140743;CDR2;0,56;0,031;protein_coding
ProstaTrend;ENSG00000034510;TMSB10;0,59;0,031;protein_coding
ProstaTrend;ENSG00000107669;ATE1;-0,54;0,031;protein_coding
ProstaTrend;ENSG00000182022;CHST15;0,59;0,031;protein_coding
ProstaTrend;ENSG00000183751;TBL3;0,60;0,031;protein_coding
ProstaTrend;ENSG00000185052;SLC24A3;0,54;0,032;protein_coding
ProstaTrend;ENSG00000223478;AL441992.1;-0,68;0,032;lncRNA
ProstaTrend;ENSG00000174579;MSL2;0,61;0,032;protein_coding
ProstaTrend;ENSG00000169607;CKAP2L;0,58;0,032;protein_coding
ProstaTrend;ENSG00000196872;KIAA1211L;0,52;0,032;protein_coding
ProstaTrend;ENSG00000238835;SCARNA18;-0,59;0,032;snoRNA
ProstaTrend;ENSG00000163655;GMPS;0,42;0,032;protein_coding
ProstaTrend;ENSG00000179833;SERTAD2;0,62;0,032;protein_coding
ProstaTrend;ENSG00000134460;IL2RA;0,53;0,032;protein_coding
ProstaTrend;ENSG00000130479;MAP1S;0,62;0,032;protein_coding
ProstaTrend;ENSG00000235706;DICER1-AS1;0,54;0,032;lncRNA
ProstaTrend;ENSG00000062038;CDH3;0,55;0,032;protein_coding
ProstaTrend;ENSG00000168421;RHOH;0,46;0,032;protein_coding
ProstaTrend;ENSG00000249992;TMEM158;-0,66;0,032;protein_coding
ProstaTrend;XLOC_104865;;0,39;0,032;
ProstaTrend;ENSG00000044574;HSPA5;-0,67;0,032;protein_coding
ProstaTrend;ENSG00000167702;KIFC2;0,60;0,032;protein_coding
ProstaTrend;ENSG00000133103;COG6;-0,58;0,032;protein_coding
ProstaTrend;ENSG00000000460;C1orf112;0,48;0,032;protein_coding
ProstaTrend;ENSG00000158169;FANCC;0,53;0,033;protein_coding
ProstaTrend;ENSG00000102034;ELF4;0,59;0,033;protein_coding
ProstaTrend;ENSG00000182256;GABRG3;-0,62;0,033;protein_coding
ProstaTrend;ENSG00000211599;IGKV5-2;0,49;0,033;IG_V_gene
ProstaTrend;ENSG00000259605;AC074212.1;0,52;0,033;lncRNA
ProstaTrend;ENSG00000251396;LINC01301;0,62;0,033;lncRNA
ProstaTrend;ENSG00000100368;CSF2RB;0,64;0,033;protein_coding
ProstaTrend;ENSG00000109906;ZBTB16;-0,61;0,033;protein_coding
ProstaTrend;ENSG00000140265;ZSCAN29;0,64;0,033;protein_coding
ProstaTrend;ENSG00000163719;MTMR14;0,57;0,033;protein_coding
ProstaTrend;ENSG00000099385;BCL7C;0,58;0,033;protein_coding
ProstaTrend;ENSG00000225855;RUSC1-AS1;0,53;0,033;lncRNA
ProstaTrend;ENSG00000075223;SEMA3C;-0,77;0,033;protein_coding
ProstaTrend;ENSG00000152234;ATP5A1;-0,54;0,033;protein_coding
ProstaTrend;ENSG00000106089;STX1A;0,57;0,033;protein_coding
ProstaTrend;ENSG00000139182;CLSTN3;0,63;0,033;protein_coding
ProstaTrend;ENSG00000233937;AC008443.1;0,49;0,033;lncRNA
ProstaTrend;ENSG00000075131;TIPIN;0,60;0,033;protein_coding
ProstaTrend;ENSG00000110057;UNC93B1;0,54;0,033;protein_coding
ProstaTrend;ENSG00000226800;CACTIN-AS1;0,54;0,033;lncRNA
ProstaTrend;ENSG00000205808;PLPP6;-0,69;0,033;protein_coding
ProstaTrend;ENSG00000145016;RUBCN;0,52;0,033;protein_coding
ProstaTrend;ENSG00000189157;FAM47E;0,39;0,033;protein_coding
ProstaTrend;ENSG00000134759;ELP2;-0,52;0,033;protein_coding
ProstaTrend;ENSG00000144339;TMEFF2;-0,58;0,033;protein_coding
ProstaTrend;ENSG00000105655;ISYNA1;0,59;0,033;protein_coding
ProstaTrend;ENSG00000088035;ALG6;-0,58;0,033;protein_coding
ProstaTrend;ENSG00000103479;RBL2;-0,60;0,033;protein_coding
ProstaTrend;ENSG00000082175;PGR;-0,59;0,033;protein_coding
ProstaTrend;ENSG00000185591;SP1;0,64;0,034;protein_coding
ProstaTrend;ENSG00000160392;C19orf47;0,60;0,034;protein_coding
ProstaTrend;ENSG00000156531;PHF6;0,49;0,034;protein_coding
ProstaTrend;ENSG00000134072;CAMK1;-0,67;0,034;protein_coding
ProstaTrend;ENSG00000092531;SNAP23;-0,59;0,034;protein_coding
ProstaTrend;ENSG00000196150;ZNF250;0,48;0,034;protein_coding
ProstaTrend;ENSG00000152503;TRIM36;-0,52;0,034;protein_coding
ProstaTrend;ENSG00000105519;CAPS;0,53;0,034;protein_coding
ProstaTrend;ENSG00000244122;UGT1A7;0,39;0,034;protein_coding
ProstaTrend;ENSG00000158470;B4GALT5;0,62;0,034;protein_coding
ProstaTrend;ENSG00000104979;C19orf53;0,64;0,034;protein_coding
ProstaTrend;ENSG00000243431;RPL5P30;-0,54;0,034;processed_pseudogene
ProstaTrend;ENSG00000143575;HAX1;0,56;0,034;protein_coding
ProstaTrend;ENSG00000163635;ATXN7;0,57;0,034;protein_coding
ProstaTrend;ENSG00000188747;NOXA1;0,60;0,034;protein_coding
ProstaTrend;ENSG00000077454;LRCH4;0,60;0,034;protein_coding
ProstaTrend;ENSG00000168491;CCDC110;-0,59;0,034;protein_coding
ProstaTrend;ENSG00000111912;NCOA7;0,59;0,034;protein_coding
ProstaTrend;ENSG00000144535;DIS3L2;0,56;0,035;protein_coding
ProstaTrend;ENSG00000170876;TMEM43;0,59;0,035;protein_coding
ProstaTrend;ENSG00000163462;TRIM46;0,55;0,035;protein_coding
ProstaTrend;ENSG00000163482;STK36;0,60;0,035;protein_coding
ProstaTrend;ENSG00000226756;AC007365.1;0,44;0,035;lncRNA
ProstaTrend;ENSG00000214106;PAXIP1-AS2;0,56;0,035;lncRNA
ProstaTrend;ENSG00000266865;AC138207.8;-0,58;0,035;transcribed_unprocessed_pseudogene
ProstaTrend;ENSG00000137221;TJAP1;0,61;0,035;protein_coding
ProstaTrend;ENSG00000266094;RASSF5;0,54;0,035;protein_coding
ProstaTrend;ENSG00000168010;ATG16L2;0,60;0,035;protein_coding
ProstaTrend;ENSG00000214078;CPNE1;0,57;0,035;protein_coding
ProstaTrend;ENSG00000118257;NRP2;0,56;0,035;protein_coding
ProstaTrend;ENSG00000076928;ARHGEF1;0,58;0,035;protein_coding
ProstaTrend;ENSG00000111670;GNPTAB;0,56;0,035;protein_coding
ProstaTrend;ENSG00000086065;CHMP5;-0,59;0,035;protein_coding
ProstaTrend;ENSG00000106266;SNX8;0,58;0,035;protein_coding
ProstaTrend;ENSG00000171681;ATF7IP;0,51;0,035;protein_coding
ProstaTrend;ENSG00000151148;UBE3B;0,62;0,035;protein_coding
ProstaTrend;ENSG00000135632;SMYD5;0,58;0,035;protein_coding
ProstaTrend;ENSG00000147655;RSPO2;-0,58;0,035;protein_coding
ProstaTrend;ENSG00000122642;FKBP9;0,59;0,035;protein_coding
ProstaTrend;ENSG00000254812;AC067930.3;0,56;0,035;lncRNA
ProstaTrend;ENSG00000119640;ACYP1;0,58;0,035;protein_coding
ProstaTrend;ENSG00000241839;PLEKHO2;0,58;0,035;protein_coding
ProstaTrend;ENSG00000184838;PRR16;0,55;0,035;protein_coding
ProstaTrend;ENSG00000139437;TCHP;0,64;0,035;protein_coding
ProstaTrend;ENSG00000138071;ACTR2;0,61;0,035;protein_coding
ProstaTrend;ENSG00000178537;SLC25A20;-0,55;0,035;protein_coding
ProstaTrend;ENSG00000133247;KMT5C;0,49;0,035;protein_coding
ProstaTrend;ENSG00000122861;PLAU;0,58;0,036;protein_coding
ProstaTrend;ENSG00000168140;VASN;0,58;0,036;protein_coding
ProstaTrend;ENSG00000050130;JKAMP;-0,61;0,036;protein_coding
ProstaTrend;ENSG00000140750;ARHGAP17;0,65;0,036;protein_coding
ProstaTrend;ENSG00000141293;SKAP1;0,54;0,036;protein_coding
ProstaTrend;ENSG00000008710;PKD1;0,59;0,036;protein_coding
ProstaTrend;ENSG00000169896;ITGAM;0,66;0,036;protein_coding
ProstaTrend;ENSG00000183624;HMCES;0,59;0,036;protein_coding
ProstaTrend;ENSG00000282851;BISPR;0,33;0,036;lncRNA
ProstaTrend;ENSG00000171574;ZNF584;0,54;0,036;protein_coding
ProstaTrend;ENSG00000133624;ZNF767P;0,58;0,036;transcribed_unprocessed_pseudogene
ProstaTrend;ENSG00000105325;FZR1;0,62;0,036;protein_coding
ProstaTrend;ENSG00000242173;ARHGDIG;0,44;0,036;protein_coding
ProstaTrend;ENSG00000164855;TMEM184A;0,44;0,036;protein_coding
ProstaTrend;ENSG00000133858;ZFC3H1;0,61;0,036;protein_coding
ProstaTrend;ENSG00000102265;TIMP1;0,58;0,036;protein_coding
ProstaTrend;ENSG00000163781;TOPBP1;0,57;0,036;protein_coding
ProstaTrend;ENSG00000102886;GDPD3;0,56;0,036;protein_coding
ProstaTrend;ENSG00000092108;SCFD1;-0,58;0,036;protein_coding
ProstaTrend;ENSG00000165271;NOL6;0,55;0,037;protein_coding
ProstaTrend;ENSG00000177302;TOP3A;0,58;0,037;protein_coding
ProstaTrend;ENSG00000151014;NOCT;0,58;0,037;protein_coding
ProstaTrend;ENSG00000086544;ITPKC;0,51;0,037;protein_coding
ProstaTrend;ENSG00000129128;SPCS3;-0,59;0,037;protein_coding
ProstaTrend;ENSG00000229689;AC009237.3;0,48;0,037;transcribed_unprocessed_pseudogene
ProstaTrend;ENSG00000260236;AC099778.1;0,59;0,037;lncRNA
ProstaTrend;ENSG00000244165;P2RY11;0,55;0,037;protein_coding
ProstaTrend;ENSG00000236947;AL139412.1;0,54;0,037;
ProstaTrend;ENSG00000181754;AMIGO1;-0,59;0,037;protein_coding
ProstaTrend;ENSG00000236756;DNAJC9-AS1;0,49;0,037;lncRNA
ProstaTrend;ENSG00000086189;DIMT1;-0,54;0,037;protein_coding
ProstaTrend;ENSG00000111247;RAD51AP1;0,60;0,037;protein_coding
ProstaTrend;ENSG00000130813;C19orf66;0,54;0,037;protein_coding
ProstaTrend;ENSG00000241158;ADAMTS9-AS1;-0,61;0,037;lncRNA
ProstaTrend;ENSG00000172007;RAB33B;0,59;0,037;protein_coding
ProstaTrend;ENSG00000138246;DNAJC13;0,53;0,037;protein_coding
ProstaTrend;ENSG00000213478;CFL1P2;0,51;0,037;processed_pseudogene
ProstaTrend;ENSG00000008517;IL32;0,59;0,037;protein_coding
ProstaTrend;ENSG00000165782;TMEM55B;0,61;0,037;protein_coding
ProstaTrend;XLOC_231989;;0,32;0,037;
ProstaTrend;ENSG00000055147;FAM114A2;-0,59;0,037;protein_coding
ProstaTrend;ENSG00000132003;ZSWIM4;0,47;0,037;protein_coding
ProstaTrend;ENSG00000140320;BAHD1;0,55;0,037;protein_coding
ProstaTrend;ENSG00000113194;FAF2;0,53;0,037;protein_coding
ProstaTrend;ENSG00000108771;DHX58;0,46;0,037;protein_coding
ProstaTrend;ENSG00000076108;BAZ2A;0,61;0,037;protein_coding
ProstaTrend;ENSG00000243766;HOTTIP;0,52;0,038;lncRNA
ProstaTrend;ENSG00000160908;ZNF394;0,42;0,038;protein_coding
ProstaTrend;XLOC_199739;;0,53;0,038;
ProstaTrend;ENSG00000124496;TRERF1;0,54;0,038;protein_coding
ProstaTrend;ENSG00000139514;SLC7A1;-0,63;0,038;protein_coding
ProstaTrend;ENSG00000001629;ANKIB1;0,52;0,038;protein_coding
ProstaTrend;ENSG00000135968;GCC2;-0,54;0,038;protein_coding
ProstaTrend;ENSG00000163795;ZNF513;0,59;0,038;protein_coding
ProstaTrend;ENSG00000106665;CLIP2;0,62;0,038;protein_coding
ProstaTrend;ENSG00000099725;PRKY;0,59;0,038;transcribed_unitary_pseudogene
ProstaTrend;ENSG00000100207;TCF20;0,61;0,038;protein_coding
ProstaTrend;ENSG00000187017;ESPN;0,49;0,038;protein_coding
ProstaTrend;ENSG00000143333;RGS16;0,52;0,038;protein_coding
ProstaTrend;ENSG00000132872;SYT4;0,45;0,038;protein_coding
ProstaTrend;ENSG00000106086;PLEKHA8;0,58;0,038;protein_coding
ProstaTrend;ENSG00000104549;SQLE;0,59;0,038;protein_coding
ProstaTrend;ENSG00000173207;CKS1B;0,55;0,038;protein_coding
ProstaTrend;ENSG00000142208;AKT1;0,54;0,038;protein_coding
ProstaTrend;ENSG00000141198;TOM1L1;-0,48;0,038;protein_coding
ProstaTrend;ENSG00000198742;SMURF1;0,61;0,038;protein_coding
ProstaTrend;ENSG00000213626;LBH;0,48;0,038;protein_coding
ProstaTrend;ENSG00000174740;PABPC5;-0,61;0,038;protein_coding
ProstaTrend;ENSG00000054965;FAM168A;0,56;0,038;protein_coding
ProstaTrend;ENSG00000196235;SUPT5H;0,63;0,038;protein_coding
ProstaTrend;ENSG00000086991;NOX4;0,55;0,038;protein_coding
ProstaTrend;ENSG00000106100;NOD1;0,45;0,038;protein_coding
ProstaTrend;ENSG00000131652;THOC6;0,56;0,038;protein_coding
ProstaTrend;ENSG00000182472;CAPN12;0,60;0,038;protein_coding
ProstaTrend;ENSG00000157954;WIPI2;0,53;0,039;protein_coding
ProstaTrend;ENSG00000126709;IFI6;0,43;0,039;protein_coding
ProstaTrend;ENSG00000106105;GARS;0,53;0,039;protein_coding
ProstaTrend;ENSG00000102580;DNAJC3;-0,51;0,039;protein_coding
ProstaTrend;ENSG00000134058;CDK7;-0,50;0,039;protein_coding
ProstaTrend;ENSG00000269313;MAGIX;0,55;0,039;protein_coding
ProstaTrend;ENSG00000132793;LPIN3;0,56;0,039;protein_coding
ProstaTrend;ENSG00000104518;GSDMD;0,66;0,039;protein_coding
ProstaTrend;ENSG00000043143;JADE2;0,58;0,039;protein_coding
ProstaTrend;ENSG00000197822;OCLN;0,55;0,039;protein_coding
ProstaTrend;ENSG00000117713;ARID1A;0,75;0,039;protein_coding
ProstaTrend;ENSG00000122691;TWIST1;0,40;0,039;protein_coding
ProstaTrend;ENSG00000177963;RIC8A;0,58;0,039;protein_coding
ProstaTrend;ENSG00000144354;CDCA7;0,48;0,039;protein_coding
ProstaTrend;ENSG00000105122;RASAL3;0,55;0,039;protein_coding
ProstaTrend;ENSG00000008838;MED24;0,61;0,039;protein_coding
ProstaTrend;ENSG00000141424;SLC39A6;-0,53;0,039;protein_coding
ProstaTrend;ENSG00000136811;ODF2;0,52;0,039;protein_coding
ProstaTrend;ENSG00000172572;PDE3A;0,44;0,039;protein_coding
ProstaTrend;XLOC_030880;;0,29;0,039;
ProstaTrend;ENSG00000064763;FAR2;0,39;0,039;protein_coding
ProstaTrend;ENSG00000050327;ARHGEF5;0,49;0,04;protein_coding
ProstaTrend;ENSG00000067365;METTL22;0,53;0,04;protein_coding
ProstaTrend;ENSG00000162493;PDPN;0,54;0,04;protein_coding
ProstaTrend;ENSG00000149218;ENDOD1;-0,66;0,04;protein_coding
ProstaTrend;ENSG00000147889;CDKN2A;0,50;0,04;protein_coding
ProstaTrend;ENSG00000198826;ARHGAP11A;0,55;0,04;protein_coding
ProstaTrend;ENSG00000172057;ORMDL3;0,59;0,04;protein_coding
ProstaTrend;ENSG00000130827;PLXNA3;0,58;0,04;protein_coding
ProstaTrend;ENSG00000187037;GPR141;0,59;0,04;protein_coding
ProstaTrend;ENSG00000244038;DDOST;-0,54;0,04;protein_coding
ProstaTrend;ENSG00000213462;ERV3-1;0,51;0,04;protein_coding
ProstaTrend;ENSG00000124920;MYRF;0,50;0,04;protein_coding
ProstaTrend;ENSG00000105778;AVL9;0,58;0,04;protein_coding
ProstaTrend;ENSG00000108924;HLF;-0,63;0,04;protein_coding
ProstaTrend;ENSG00000185730;ZNF696;0,53;0,04;protein_coding
ProstaTrend;ENSG00000186312;CA5BP1;0,51;0,04;transcribed_unprocessed_pseudogene
ProstaTrend;ENSG00000160299;PCNT;0,62;0,04;protein_coding
ProstaTrend;ENSG00000144909;OSBPL11;0,60;0,04;protein_coding
ProstaTrend;ENSG00000168256;NKIRAS2;0,61;0,04;protein_coding
ProstaTrend;ENSG00000136159;NUDT15;-0,57;0,04;protein_coding
ProstaTrend;ENSG00000130560;UBAC1;0,49;0,041;protein_coding
ProstaTrend;ENSG00000012048;BRCA1;0,40;0,041;protein_coding
ProstaTrend;ENSG00000248801;C8orf34-AS1;-0,70;0,041;lncRNA
ProstaTrend;ENSG00000186174;BCL9L;0,56;0,041;protein_coding
ProstaTrend;ENSG00000141646;SMAD4;-0,55;0,041;protein_coding
ProstaTrend;ENSG00000085365;SCAMP1;-0,44;0,041;protein_coding
ProstaTrend;XLOC_179726;;-0,63;0,041;
ProstaTrend;ENSG00000159763;PIP;0,26;0,041;protein_coding
ProstaTrend;XLOC_178755;;0,41;0,041;
ProstaTrend;ENSG00000171551;ECEL1;0,58;0,041;protein_coding
ProstaTrend;ENSG00000235398;LINC00623;0,54;0,041;
ProstaTrend;ENSG00000213601;KRT18P19;-0,63;0,041;processed_pseudogene
ProstaTrend;ENSG00000149243;KLHL35;0,51;0,041;protein_coding
ProstaTrend;ENSG00000227248;FAM155A-IT1;0,55;0,041;lncRNA
ProstaTrend;ENSG00000163499;CRYBA2;0,48;0,041;protein_coding
ProstaTrend;ENSG00000198546;ZNF511;-0,55;0,041;protein_coding
ProstaTrend;ENSG00000162889;MAPKAPK2;0,54;0,041;protein_coding
ProstaTrend;ENSG00000139433;GLTP;0,59;0,041;protein_coding
ProstaTrend;ENSG00000184209;SNRNP35;0,61;0,041;protein_coding
ProstaTrend;ENSG00000130487;KLHDC7B;0,39;0,041;protein_coding
ProstaTrend;ENSG00000153827;TRIP12;0,60;0,041;protein_coding
ProstaTrend;ENSG00000124780;KCNK17;0,50;0,041;protein_coding
ProstaTrend;ENSG00000196428;TSC22D2;0,54;0,042;protein_coding
ProstaTrend;ENSG00000174943;KCTD13;0,48;0,042;protein_coding
ProstaTrend;ENSG00000136546;SCN7A;-0,58;0,042;protein_coding
ProstaTrend;ENSG00000143149;ALDH9A1;-0,52;0,042;protein_coding
ProstaTrend;ENSG00000119917;IFIT3;0,38;0,042;protein_coding
ProstaTrend;ENSG00000157837;SPPL3;0,61;0,042;protein_coding
ProstaTrend;ENSG00000160633;SAFB;0,54;0,042;protein_coding
ProstaTrend;ENSG00000130175;PRKCSH;0,57;0,042;protein_coding
ProstaTrend;ENSG00000205045;SLFN12L;0,51;0,042;protein_coding
ProstaTrend;ENSG00000116209;TMEM59;-0,54;0,042;protein_coding
ProstaTrend;ENSG00000052126;PLEKHA5;0,35;0,042;protein_coding
ProstaTrend;ENSG00000204160;ZDHHC18;0,54;0,042;protein_coding
ProstaTrend;ENSG00000139880;CDH24;0,60;0,042;protein_coding
ProstaTrend;ENSG00000130589;HELZ2;0,53;0,042;protein_coding
ProstaTrend;ENSG00000006194;ZNF263;0,54;0,042;protein_coding
ProstaTrend;ENSG00000178104;PDE4DIP;0,54;0,042;protein_coding
ProstaTrend;ENSG00000283703;VSIG10L2;0,43;0,042;protein_coding
ProstaTrend;ENSG00000131788;PIAS3;0,50;0,042;protein_coding
ProstaTrend;ENSG00000183549;ACSM5;0,57;0,042;protein_coding
ProstaTrend;ENSG00000267702;AP005131.6;0,47;0,042;
ProstaTrend;ENSG00000149328;GLB1L2;-0,58;0,043;protein_coding
ProstaTrend;ENSG00000133422;MORC2;0,57;0,043;protein_coding
ProstaTrend;ENSG00000162910;MRPL55;0,52;0,043;protein_coding
ProstaTrend;ENSG00000034713;GABARAPL2;-0,58;0,043;protein_coding
ProstaTrend;ENSG00000143799;PARP1;0,54;0,043;protein_coding
ProstaTrend;ENSG00000133027;PEMT;-0,51;0,043;protein_coding
ProstaTrend;ENSG00000171067;C11orf24;0,53;0,043;protein_coding
ProstaTrend;ENSG00000116863;ADPRHL2;0,47;0,043;protein_coding
ProstaTrend;ENSG00000111215;PRR4;0,56;0,043;protein_coding
ProstaTrend;ENSG00000101004;NINL;0,58;0,043;protein_coding
ProstaTrend;ENSG00000168792;ABHD15;0,56;0,043;protein_coding
ProstaTrend;ENSG00000104973;MED25;0,48;0,043;protein_coding
ProstaTrend;ENSG00000142002;DPP9;0,58;0,043;protein_coding
ProstaTrend;ENSG00000260802;LINC00890;-0,58;0,043;protein_coding
ProstaTrend;ENSG00000233708;AL512353.2;0,61;0,043;processed_pseudogene
ProstaTrend;ENSG00000100888;CHD8;0,57;0,043;protein_coding
ProstaTrend;ENSG00000122585;NPY;-0,57;0,043;protein_coding
ProstaTrend;ENSG00000233155;HMGA1P8;0,55;0,044;processed_pseudogene
ProstaTrend;ENSG00000129521;EGLN3;0,59;0,044;protein_coding
ProstaTrend;ENSG00000101951;PAGE4;-0,60;0,044;protein_coding
ProstaTrend;ENSG00000182890;GLUD2;-0,47;0,044;protein_coding
ProstaTrend;ENSG00000104951;IL4I1;0,51;0,044;protein_coding
ProstaTrend;ENSG00000113924;HGD;-0,57;0,044;protein_coding
ProstaTrend;ENSG00000185513;L3MBTL1;0,47;0,044;protein_coding
ProstaTrend;ENSG00000140406;TLNRD1;0,55;0,044;protein_coding
ProstaTrend;ENSG00000007080;CCDC124;0,51;0,044;protein_coding
ProstaTrend;ENSG00000174799;CEP135;0,46;0,044;protein_coding
ProstaTrend;ENSG00000122515;ZMIZ2;0,55;0,044;protein_coding
ProstaTrend;ENSG00000061273;HDAC7;0,55;0,044;protein_coding
ProstaTrend;ENSG00000262454;MIR193BHG;0,39;0,044;lncRNA
ProstaTrend;ENSG00000160072;ATAD3B;0,55;0,044;protein_coding
ProstaTrend;ENSG00000183647;ZNF530;0,55;0,044;protein_coding
ProstaTrend;ENSG00000127084;FGD3;0,50;0,044;protein_coding
ProstaTrend;XLOC_246301;;0,43;0,044;
ProstaTrend;ENSG00000038532;CLEC16A;0,57;0,044;protein_coding
ProstaTrend;ENSG00000175115;PACS1;0,58;0,044;protein_coding
ProstaTrend;ENSG00000161677;JOSD2;0,51;0,045;protein_coding
ProstaTrend;ENSG00000143862;ARL8A;0,53;0,045;protein_coding
ProstaTrend;ENSG00000148384;INPP5E;0,59;0,045;protein_coding
ProstaTrend;ENSG00000132024;CC2D1A;0,63;0,045;protein_coding
ProstaTrend;ENSG00000174130;TLR6;0,57;0,045;protein_coding
ProstaTrend;ENSG00000125970;RALY;0,43;0,045;protein_coding
ProstaTrend;ENSG00000136160;EDNRB;-0,57;0,045;protein_coding
ProstaTrend;ENSG00000185800;DMWD;0,60;0,045;protein_coding
ProstaTrend;ENSG00000228140;AL031283.1;0,45;0,045;lncRNA
ProstaTrend;ENSG00000166801;FAM111A;-0,59;0,045;protein_coding
ProstaTrend;ENSG00000101096;NFATC2;0,49;0,045;protein_coding
ProstaTrend;ENSG00000196747;HIST1H2AI;0,50;0,045;protein_coding
ProstaTrend;ENSG00000165730;STOX1;0,49;0,045;protein_coding
ProstaTrend;ENSG00000247137;AP000873.2;0,46;0,045;lncRNA
ProstaTrend;ENSG00000133106;EPSTI1;0,43;0,045;protein_coding
ProstaTrend;XLOC_131963;;-0,59;0,045;
ProstaTrend;ENSG00000162104;ADCY9;0,51;0,046;protein_coding
ProstaTrend;ENSG00000205364;MT1M;-0,71;0,046;protein_coding
ProstaTrend;ENSG00000087510;TFAP2C;0,53;0,046;protein_coding
ProstaTrend;ENSG00000124570;SERPINB6;-0,47;0,046;protein_coding
ProstaTrend;ENSG00000072501;SMC1A;0,49;0,046;protein_coding
ProstaTrend;ENSG00000146281;PM20D2;-0,52;0,046;protein_coding
ProstaTrend;ENSG00000005206;SPPL2B;0,49;0,046;protein_coding
ProstaTrend;ENSG00000111252;SH2B3;0,55;0,046;protein_coding
ProstaTrend;ENSG00000123240;OPTN;0,58;0,046;protein_coding
ProstaTrend;ENSG00000069424;KCNAB2;0,50;0,046;protein_coding
ProstaTrend;ENSG00000130299;GTPBP3;0,52;0,046;protein_coding
ProstaTrend;ENSG00000260954;AL133297.1;0,44;0,046;lncRNA
ProstaTrend;ENSG00000017427;IGF1;-0,74;0,046;protein_coding
ProstaTrend;ENSG00000120334;CENPL;0,54;0,046;protein_coding
ProstaTrend;ENSG00000092051;JPH4;-0,61;0,046;protein_coding
ProstaTrend;ENSG00000197894;ADH5;-0,70;0,047;protein_coding
ProstaTrend;ENSG00000267311;AC007673.1;-0,61;0,047;lncRNA
ProstaTrend;ENSG00000091140;DLD;-0,55;0,047;protein_coding
ProstaTrend;ENSG00000250982;GAPDHP35;0,53;0,047;processed_pseudogene
ProstaTrend;ENSG00000112079;STK38;0,59;0,047;protein_coding
ProstaTrend;ENSG00000218891;ZNF579;0,60;0,047;protein_coding
ProstaTrend;ENSG00000173391;OLR1;0,56;0,047;protein_coding
ProstaTrend;ENSG00000159110;IFNAR2;0,57;0,047;protein_coding
ProstaTrend;ENSG00000108561;C1QBP;-0,50;0,047;protein_coding
ProstaTrend;ENSG00000123066;MED13L;0,57;0,047;protein_coding
ProstaTrend;ENSG00000125386;FAM193A;0,63;0,047;protein_coding
ProstaTrend;ENSG00000164050;PLXNB1;0,59;0,047;protein_coding
ProstaTrend;ENSG00000198673;FAM19A2;0,42;0,047;protein_coding
ProstaTrend;ENSG00000126062;TMEM115;0,51;0,047;protein_coding
ProstaTrend;ENSG00000134398;ERN2;-0,61;0,047;protein_coding
ProstaTrend;ENSG00000120458;MSANTD2;0,50;0,047;protein_coding
ProstaTrend;ENSG00000086696;HSD17B2;0,47;0,047;protein_coding
ProstaTrend;XLOC_086821;;-0,74;0,047;
ProstaTrend;ENSG00000206418;RAB12;0,58;0,047;protein_coding
ProstaTrend;ENSG00000072210;ALDH3A2;-0,57;0,047;protein_coding
ProstaTrend;ENSG00000168137;SETD5;0,57;0,047;protein_coding
ProstaTrend;ENSG00000264538;SUZ12P1;0,57;0,047;transcribed_unprocessed_pseudogene
ProstaTrend;ENSG00000091583;APOH;0,57;0,047;protein_coding
ProstaTrend;ENSG00000198677;TTC37;-0,51;0,048;protein_coding
ProstaTrend;ENSG00000167397;VKORC1;0,56;0,048;protein_coding
ProstaTrend;ENSG00000101181;MTG2;0,56;0,048;protein_coding
ProstaTrend;ENSG00000187097;ENTPD5;-0,50;0,048;protein_coding
ProstaTrend;ENSG00000111906;HDDC2;-0,53;0,048;protein_coding
ProstaTrend;ENSG00000144504;ANKMY1;0,53;0,048;protein_coding
ProstaTrend;ENSG00000127511;SIN3B;0,53;0,048;protein_coding
ProstaTrend;ENSG00000101447;FAM83D;0,54;0,048;protein_coding
ProstaTrend;ENSG00000171747;LGALS4;0,59;0,048;protein_coding
ProstaTrend;ENSG00000148926;ADM;0,56;0,048;protein_coding
ProstaTrend;ENSG00000105401;CDC37;0,64;0,048;protein_coding
ProstaTrend;ENSG00000115267;IFIH1;0,44;0,048;protein_coding
ProstaTrend;ENSG00000138834;MAPK8IP3;0,51;0,049;protein_coding
ProstaTrend;ENSG00000021645;NRXN3;0,40;0,049;protein_coding
ProstaTrend;ENSG00000115145;STAM2;-0,51;0,049;protein_coding
ProstaTrend;ENSG00000183808;RBM12B;0,53;0,049;protein_coding
ProstaTrend;ENSG00000118960;HS1BP3;0,58;0,049;protein_coding
ProstaTrend;ENSG00000103876;FAH;-0,48;0,049;protein_coding
ProstaTrend;ENSG00000084463;WBP11;0,30;0,049;protein_coding
ProstaTrend;ENSG00000181192;DHTKD1;-0,56;0,049;protein_coding
ProstaTrend;ENSG00000144401;METTL21A;0,54;0,049;protein_coding
ProstaTrend;ENSG00000237517;DGCR5;0,46;0,049;transcribed_unprocessed_pseudogene
ProstaTrend;ENSG00000007047;MARK4;0,58;0,049;protein_coding
ProstaTrend;ENSG00000196547;MAN2A2;0,55;0,049;protein_coding
ProstaTrend;ENSG00000129007;CALML4;0,26;0,049;protein_coding
ProstaTrend;ENSG00000125885;MCM8;0,54;0,049;protein_coding
ProstaTrend;ENSG00000130595;TNNT3;0,42;0,049;protein_coding
ProstaTrend;ENSG00000011451;WIZ;0,65;0,049;protein_coding
ProstaTrend;ENSG00000164932;CTHRC1;0,54;0,049;protein_coding
ProstaTrend;ENSG00000103485;QPRT;0,57;0,049;protein_coding
ProstaTrend;ENSG00000070047;PHRF1;0,63;0,049;protein_coding
ProstaTrend;ENSG00000197329;PELI1;0,53;0,049;protein_coding
ProstaTrend;ENSG00000141030;COPS3;-0,49;0,05;protein_coding
ProstaTrend;ENSG00000260646;AL031705.1;0,42;0,05;lncRNA
ProstaTrend;ENSG00000269893;SNHG8;-0,54;0,05;lncRNA
ProstaTrend;ENSG00000161999;JMJD8;0,54;0,05;protein_coding
ProstaTrend;ENSG00000157404;KIT;-0,56;0,05;protein_coding
ProstaTrend;ENSG00000189143;CLDN4;0,54;0,05;protein_coding
ProstaTrend;ENSG00000184343;SRPK3;0,45;0,05;protein_coding
ProstaTrend;ENSG00000149599;DUSP15;-0,56;0,05;protein_coding
ProstaTrend;ENSG00000166823;MESP1;-0,58;0,05;protein_coding
